insert into `tstd_user` (`user_id`, `login_name`, `nickname`, `login_pwd`, `login_pwd_strength`, `kind`, `level`, `user_referee`, `mobile`, `id_kind`, `id_no`, `real_name`, `trade_pwd`, `trade_pwd_strength`, `role_code`, `div_rate`, `status`, `pdf`, `company_code`, `union_id`, `open_id`, `jpush_id`, `create_datetime`, `updater`, `update_datetime`, `remark`, `system_code`) values('SYS_USER_ZWZJ','admin',NULL,'21218cca77804d2ba1922c33e0151105','1','01','0',NULL,NULL,NULL,NULL,NULL,NULL,NULL,'CZWZJR201500000000000001',NULL,'0',NULL,'CD-ZWZJ000012',NULL,NULL,NULL,now(),'admin',now(),'管理端系统方','CD-ZWZJ000012');

insert into `tsys_role` (`code`, `name`, `level`, `updater`, `update_datetime`, `remark`, `system_code`) values('CZWZJR201500000000000001','超级管理员','1','admin',now(),NULL,'CD-ZWZJ000012');



insert into `tsys_menu` (`code`, `name`, `type`, `url`, `order_no`, `updater`, `update_datetime`, `remark`, `parent_code`, `system_code`) values('CZWZJSM201500000000000000','根目录','1','#','1','admin',now(),'','','CD-ZWZJ000012');
insert into `tsys_menu` (`code`, `name`, `type`, `url`, `order_no`, `updater`, `update_datetime`, `remark`, `parent_code`, `system_code`) values('CZWZJSM201500001000000001','系统管理','1','#','1','admin',now(),'','CZWZJSM201500000000000000','CD-ZWZJ000012');
insert into `tsys_menu` (`code`, `name`, `type`, `url`, `order_no`, `updater`, `update_datetime`, `remark`, `parent_code`, `system_code`) values('CZWZJSM201500001000000002','运维管理','1','#','2','admin',now(),'','CZWZJSM201500001000000001','CD-ZWZJ000012');
insert into `tsys_menu` (`code`, `name`, `type`, `url`, `order_no`, `updater`, `update_datetime`, `remark`, `parent_code`, `system_code`) values('CZWZJSM201500001000000003','菜单管理','1','/security/menu.htm','1','admin',now(),'','CZWZJSM201500001000000002','CD-ZWZJ000012');
insert into `tsys_menu` (`code`, `name`, `type`, `url`, `order_no`, `updater`, `update_datetime`, `remark`, `parent_code`, `system_code`) values('CZWZJSM201500001000000004','修改','2','/edit','2','admin',now(),'','CZWZJSM201500001000000003','CD-ZWZJ000012');
insert into `tsys_menu` (`code`, `name`, `type`, `url`, `order_no`, `updater`, `update_datetime`, `remark`, `parent_code`, `system_code`) values('CZWZJSM2015032110563544277','运营管理','1','#','1','admin',now(),'','CZWZJSM201500001000000001','CD-ZWZJ000012');
insert into `tsys_menu` (`code`, `name`, `type`, `url`, `order_no`, `updater`, `update_datetime`, `remark`, `parent_code`, `system_code`) values('CZWZJSM2015032111004908332','业务管理','1','#','2','admin',now(),'','CZWZJSM201500000000000000','CD-ZWZJ000012');
insert into `tsys_menu` (`code`, `name`, `type`, `url`, `order_no`, `updater`, `update_datetime`, `remark`, `parent_code`, `system_code`) values('CZWZJSM2015101716253866426','角色管理','1','/security/role.htm','1','admin',now(),'','CZWZJSM2015032110563544277','CD-ZWZJ000012');
insert into `tsys_menu` (`code`, `name`, `type`, `url`, `order_no`, `updater`, `update_datetime`, `remark`, `parent_code`, `system_code`) values('CZWZJSM2015101716261754674','用户管理','1','/security/user.htm','2','admin',now(),'','CZWZJSM2015032110563544277','CD-ZWZJ000012');
insert into `tsys_menu` (`code`, `name`, `type`, `url`, `order_no`, `updater`, `update_datetime`, `remark`, `parent_code`, `system_code`) values('CZWZJSM2015101716295904680','数据字典管理','1','/general/dict.htm','3','admin',now(),'','CZWZJSM201500001000000002','CD-ZWZJ000012');
insert into `tsys_menu` (`code`, `name`, `type`, `url`, `order_no`, `updater`, `update_datetime`, `remark`, `parent_code`, `system_code`) values('CZWZJSM2015101716450533995','分配菜单','2','/change','4','admin',now(),'','CZWZJSM2015101716253866426','CD-ZWZJ000012');
insert into `tsys_menu` (`code`, `name`, `type`, `url`, `order_no`, `updater`, `update_datetime`, `remark`, `parent_code`, `system_code`) values('CZWZJSM2015101717551955993','新增','2','/add','1','admin',now(),'','CZWZJSM201500001000000003','CD-ZWZJ000012');
insert into `tsys_menu` (`code`, `name`, `type`, `url`, `order_no`, `updater`, `update_datetime`, `remark`, `parent_code`, `system_code`) values('CZWZJSM2015101717560118734','修改','2','/edit','2','admin',now(),'','CZWZJSM2015101716253866426','CD-ZWZJ000012');
insert into `tsys_menu` (`code`, `name`, `type`, `url`, `order_no`, `updater`, `update_datetime`, `remark`, `parent_code`, `system_code`) values('CZWZJSM2015101717563661357','删除','2','/delete','3','admin',now(),'','CZWZJSM2015101716253866426','CD-ZWZJ000012');
insert into `tsys_menu` (`code`, `name`, `type`, `url`, `order_no`, `updater`, `update_datetime`, `remark`, `parent_code`, `system_code`) values('CZWZJSM2015101719082391126','新增','2','/add','1','admin',now(),'','CZWZJSM2015101716261754674','CD-ZWZJ000012');
insert into `tsys_menu` (`code`, `name`, `type`, `url`, `order_no`, `updater`, `update_datetime`, `remark`, `parent_code`, `system_code`) values('CZWZJSM2015101719110981215','设置角色','2','/assign','5','admin',now(),'','CZWZJSM2015101716261754674','CD-ZWZJ000012');
insert into `tsys_menu` (`code`, `name`, `type`, `url`, `order_no`, `updater`, `update_datetime`, `remark`, `parent_code`, `system_code`) values('CZWZJSM2015101719143965297','修改','2','/edit','2','admin',now(),'','CZWZJSM2015101716295904680','CD-ZWZJ000012');
insert into `tsys_menu` (`code`, `name`, `type`, `url`, `order_no`, `updater`, `update_datetime`, `remark`, `parent_code`, `system_code`) values('SM201707111336052541212','财务管理','1','#','3','admin',now(),'','CZWZJSM201500000000000000','CD-ZWZJ000012');
insert into `tsys_menu` (`code`, `name`, `type`, `url`, `order_no`, `updater`, `update_datetime`, `remark`, `parent_code`, `system_code`) values('SM201707111336255931673','消息管理','1','#','4','admin',now(),'','CZWZJSM201500000000000000','CD-ZWZJ000012');
insert into `tsys_menu` (`code`, `name`, `type`, `url`, `order_no`, `updater`, `update_datetime`, `remark`, `parent_code`, `system_code`) values('SM20170711133924603590','平台账户','1','#','1','admin',now(),'','SM201707111336052541212','CD-ZWZJ000012');
insert into `tsys_menu` (`code`, `name`, `type`, `url`, `order_no`, `updater`, `update_datetime`, `remark`, `parent_code`, `system_code`) values('SM201707111340112739363','账户查询','1','/finance/account.htm','1','admin',now(),'','SM20170711133924603590','CD-ZWZJ000012');
insert into `tsys_menu` (`code`, `name`, `type`, `url`, `order_no`, `updater`, `update_datetime`, `remark`, `parent_code`, `system_code`) values('SM201707111346485537291','线下取现','1','#','2','admin',now(),'','SM201707111336052541212','CD-ZWZJ000012');
insert into `tsys_menu` (`code`, `name`, `type`, `url`, `order_no`, `updater`, `update_datetime`, `remark`, `parent_code`, `system_code`) values('SM201707111348008936215','取现规则','1','/rule/enchashmentRule.htm','1','admin',now(),'','SM201707111346485537291','CD-ZWZJ000012');
insert into `tsys_menu` (`code`, `name`, `type`, `url`, `order_no`, `updater`, `update_datetime`, `remark`, `parent_code`, `system_code`) values('SM201707111348311861216','修改','2','/edit','1','admin',now(),'','SM201707111348008936215','CD-ZWZJ000012');
insert into `tsys_menu` (`code`, `name`, `type`, `url`, `order_no`, `updater`, `update_datetime`, `remark`, `parent_code`, `system_code`) values('SM201707111349134062027','线下取现','1','/finance/offlineCash.htm','2','admin',now(),'','SM201707111346485537291','CD-ZWZJ000012');
insert into `tsys_menu` (`code`, `name`, `type`, `url`, `order_no`, `updater`, `update_datetime`, `remark`, `parent_code`, `system_code`) values('SM201707111357271317112','取现查询','1','/finance/offlineCash.htm','3','admin',now(),'','SM201707111346485537291','CD-ZWZJ000012');
insert into `tsys_menu` (`code`, `name`, `type`, `url`, `order_no`, `updater`, `update_datetime`, `remark`, `parent_code`, `system_code`) values('SM201707111359000518885','待申请','2','/add','1','admin',now(),'','SM201707111349134062027','CD-ZWZJ000012');
insert into `tsys_menu` (`code`, `name`, `type`, `url`, `order_no`, `updater`, `update_datetime`, `remark`, `parent_code`, `system_code`) values('SM201707111359523916557','审核','2','/check','2','admin',now(),'','SM201707111349134062027','CD-ZWZJ000012');
insert into `tsys_menu` (`code`, `name`, `type`, `url`, `order_no`, `updater`, `update_datetime`, `remark`, `parent_code`, `system_code`) values('SM201707111400202575435','详情','2','/deta','3','admin',now(),'','SM201707111349134062027','CD-ZWZJ000012');
insert into `tsys_menu` (`code`, `name`, `type`, `url`, `order_no`, `updater`, `update_datetime`, `remark`, `parent_code`, `system_code`) values('SM201707111400404222730','回录','2','/huilu','4','admin',now(),'','SM201707111349134062027','CD-ZWZJ000012');
insert into `tsys_menu` (`code`, `name`, `type`, `url`, `order_no`, `updater`, `update_datetime`, `remark`, `parent_code`, `system_code`) values('SM201707111401080619367','导出','2','/export','5','admin',now(),'','SM201707111349134062027','CD-ZWZJ000012');
insert into `tsys_menu` (`code`, `name`, `type`, `url`, `order_no`, `updater`, `update_datetime`, `remark`, `parent_code`, `system_code`) values('SM201707111415383607937','详情','2','/deta','1','admin',now(),'','SM201707111357271317112','CD-ZWZJ000012');
insert into `tsys_menu` (`code`, `name`, `type`, `url`, `order_no`, `updater`, `update_datetime`, `remark`, `parent_code`, `system_code`) values('SM201707111415577507769','导出','2','/export','2','admin',now(),'','SM201707111357271317112','CD-ZWZJ000012');
insert into `tsys_menu` (`code`, `name`, `type`, `url`, `order_no`, `updater`, `update_datetime`, `remark`, `parent_code`, `system_code`) values('SM201707111419225912829','线下充值','1','#','3','admin',now(),'','SM201707111336052541212','CD-ZWZJ000012');
insert into `tsys_menu` (`code`, `name`, `type`, `url`, `order_no`, `updater`, `update_datetime`, `remark`, `parent_code`, `system_code`) values('SM201707111419550104022','线下充值','1','/finance/offlineRecharge.htm','1','admin',now(),'','SM201707111419225912829','CD-ZWZJ000012');
insert into `tsys_menu` (`code`, `name`, `type`, `url`, `order_no`, `updater`, `update_datetime`, `remark`, `parent_code`, `system_code`) values('SM201707111420399391750','充值查询','1','/finance/offlineRecharge.htm','2','admin',now(),'','SM201707111419225912829','CD-ZWZJ000012');
insert into `tsys_menu` (`code`, `name`, `type`, `url`, `order_no`, `updater`, `update_datetime`, `remark`, `parent_code`, `system_code`) values('SM201707111422259326789','待申请','2','/add','1','admin',now(),'','SM201707111419550104022','CD-ZWZJ000012');
insert into `tsys_menu` (`code`, `name`, `type`, `url`, `order_no`, `updater`, `update_datetime`, `remark`, `parent_code`, `system_code`) values('SM201707111422551692788','审核','2','/check','2','admin',now(),'','SM201707111419550104022','CD-ZWZJ000012');
insert into `tsys_menu` (`code`, `name`, `type`, `url`, `order_no`, `updater`, `update_datetime`, `remark`, `parent_code`, `system_code`) values('SM201707111423153806551','详情','2','/deta','3','admin',now(),'','SM201707111419550104022','CD-ZWZJ000012');
insert into `tsys_menu` (`code`, `name`, `type`, `url`, `order_no`, `updater`, `update_datetime`, `remark`, `parent_code`, `system_code`) values('SM20170711142341641831','导出','2','/export','4','admin',now(),'','SM201707111419550104022','CD-ZWZJ000012');
insert into `tsys_menu` (`code`, `name`, `type`, `url`, `order_no`, `updater`, `update_datetime`, `remark`, `parent_code`, `system_code`) values('SM201707111424042801857','详情','2','/deta','1','admin',now(),'','SM201707111420399391750','CD-ZWZJ000012');
insert into `tsys_menu` (`code`, `name`, `type`, `url`, `order_no`, `updater`, `update_datetime`, `remark`, `parent_code`, `system_code`) values('SM201707111424300391613','导出','2','export','2','admin',now(),'','SM201707111420399391750','CD-ZWZJ000012');
insert into `tsys_menu` (`code`, `name`, `type`, `url`, `order_no`, `updater`, `update_datetime`, `remark`, `parent_code`, `system_code`) values('SM20170711145619944501','公告管理','1','#','1','admin',now(),'','SM201707111336255931673','CD-ZWZJ000012');
insert into `tsys_menu` (`code`, `name`, `type`, `url`, `order_no`, `updater`, `update_datetime`, `remark`, `parent_code`, `system_code`) values('SM201707111456576613106','公告管理','1','/message/notice.htm','1','admin',now(),'','SM20170711145619944501','CD-ZWZJ000012');
insert into `tsys_menu` (`code`, `name`, `type`, `url`, `order_no`, `updater`, `update_datetime`, `remark`, `parent_code`, `system_code`) values('SM201707111458173775610','新增','2','/add','1','admin',now(),'','SM201707111456576613106','CD-ZWZJ000012');
insert into `tsys_menu` (`code`, `name`, `type`, `url`, `order_no`, `updater`, `update_datetime`, `remark`, `parent_code`, `system_code`) values('SM201707111458534889013','修改','2','/edit','2','admin',now(),'','SM201707111456576613106','CD-ZWZJ000012');
insert into `tsys_menu` (`code`, `name`, `type`, `url`, `order_no`, `updater`, `update_datetime`, `remark`, `parent_code`, `system_code`) values('SM201707111459335394813','发布/撤下','2','/push','3','admin',now(),'','SM201707111456576613106','CD-ZWZJ000012');
insert into `tsys_menu` (`code`, `name`, `type`, `url`, `order_no`, `updater`, `update_datetime`, `remark`, `parent_code`, `system_code`) values('SM201707111459563074663','详情','2','/detail','4','admin',now(),'','SM201707111456576613106','CD-ZWZJ000012');
insert into `tsys_menu` (`code`, `name`, `type`, `url`, `order_no`, `updater`, `update_datetime`, `remark`, `parent_code`, `system_code`) values('SM201707111505003303829','文章管理','1','#','2','admin',now(),'','SM201707111336255931673','CD-ZWZJ000012');
insert into `tsys_menu` (`code`, `name`, `type`, `url`, `order_no`, `updater`, `update_datetime`, `remark`, `parent_code`, `system_code`) values('SM201707111505374506304','关于我们','1','/message/aboutUs_addedit.htm','1','admin',now(),'','SM201707111505003303829','CD-ZWZJ000012');
insert into `tsys_menu` (`code`, `name`, `type`, `url`, `order_no`, `updater`, `update_datetime`, `remark`, `parent_code`, `system_code`) values('SM201707111506515164370','服务电话','1','/message/tel_addedit.htm','2','admin',now(),'','SM201707111505003303829','CD-ZWZJ000012');
insert into `tsys_menu` (`code`, `name`, `type`, `url`, `order_no`, `updater`, `update_datetime`, `remark`, `parent_code`, `system_code`) values('SM201707111507435457357','服务时间','1','/message/serviceTime_addedit.htm','3','admin',now(),'','SM201707111505003303829','CD-ZWZJ000012');
insert into `tsys_menu` (`code`, `name`, `type`, `url`, `order_no`, `updater`, `update_datetime`, `remark`, `parent_code`, `system_code`) values('SM201707111513539464895','广告位管理','1','#','3','admin',now(),'','SM201707111336255931673','CD-ZWZJ000012');
insert into `tsys_menu` (`code`, `name`, `type`, `url`, `order_no`, `updater`, `update_datetime`, `remark`, `parent_code`, `system_code`) values('SM20170711151431000758','新增','2','/add','1','admin',now(),'','SM201707111515354493479','CD-ZWZJ000012');
insert into `tsys_menu` (`code`, `name`, `type`, `url`, `order_no`, `updater`, `update_datetime`, `remark`, `parent_code`, `system_code`) values('SM201707111515354493479','banner管理','1','/message/banner.htm','1','admin',now(),'','SM201707111513539464895','CD-ZWZJ000012');
insert into `tsys_menu` (`code`, `name`, `type`, `url`, `order_no`, `updater`, `update_datetime`, `remark`, `parent_code`, `system_code`) values('SM201707111516454577422','修改','2','/edit','2','admin',now(),'','SM201707111515354493479','CD-ZWZJ000012');
insert into `tsys_menu` (`code`, `name`, `type`, `url`, `order_no`, `updater`, `update_datetime`, `remark`, `parent_code`, `system_code`) values('SM201707111517152902424','删除','2','/delete','3','admin',now(),'','SM201707111515354493479','CD-ZWZJ000012');
insert into `tsys_menu` (`code`, `name`, `type`, `url`, `order_no`, `updater`, `update_datetime`, `remark`, `parent_code`, `system_code`) values('SM201707111517406964856','详情','2','/detail','4','admin',now(),'','SM201707111515354493479','CD-ZWZJ000012');
insert into `tsys_menu` (`code`, `name`, `type`, `url`, `order_no`, `updater`, `update_datetime`, `remark`, `parent_code`, `system_code`) values('SM201707111622177862330','开机爆图管理','1','/message/picture.htm','2','admin',now(),'','SM201707111513539464895','CD-ZWZJ000012');
insert into `tsys_menu` (`code`, `name`, `type`, `url`, `order_no`, `updater`, `update_datetime`, `remark`, `parent_code`, `system_code`) values('SM201707111624022926809','新增','2','/add','1','admin',now(),'','SM201707111622177862330','CD-ZWZJ000012');
insert into `tsys_menu` (`code`, `name`, `type`, `url`, `order_no`, `updater`, `update_datetime`, `remark`, `parent_code`, `system_code`) values('SM201707111625045141608','修改','2','/edit','2','admin',now(),'','SM201707111622177862330','CD-ZWZJ000012');
insert into `tsys_menu` (`code`, `name`, `type`, `url`, `order_no`, `updater`, `update_datetime`, `remark`, `parent_code`, `system_code`) values('SM201707111625335625874','删除','2','/delete','3','admin',now(),'','SM201707111622177862330','CD-ZWZJ000012');
insert into `tsys_menu` (`code`, `name`, `type`, `url`, `order_no`, `updater`, `update_datetime`, `remark`, `parent_code`, `system_code`) values('SM201707111626049257253','详情','2','/detail','4','admin',now(),'','SM201707111622177862330','CD-ZWZJ000012');
insert into `tsys_menu` (`code`, `name`, `type`, `url`, `order_no`, `updater`, `update_datetime`, `remark`, `parent_code`, `system_code`) values('SM201707111731340404464','课程管理','1','#','1','admin',now(),'','CZWZJSM2015032111004908332','CD-ZWZJ000012');
insert into `tsys_menu` (`code`, `name`, `type`, `url`, `order_no`, `updater`, `update_datetime`, `remark`, `parent_code`, `system_code`) values('SM201707111731566991585','课程管理','1','/biz/cource/cource.htm','1','admin',now(),'','SM201707111731340404464','CD-ZWZJ000012');
insert into `tsys_menu` (`code`, `name`, `type`, `url`, `order_no`, `updater`, `update_datetime`, `remark`, `parent_code`, `system_code`) values('SM201707111750165496674','订单处理','1','/biz/cource/order.htm','2','admin',now(),'','SM201707111731340404464','CD-ZWZJ000012');
insert into `tsys_menu` (`code`, `name`, `type`, `url`, `order_no`, `updater`, `update_datetime`, `remark`, `parent_code`, `system_code`) values('SM2017071117511863782','订单查询','1','/biz/cource/orderQuery.htm','3','admin',now(),'','SM201707111731340404464','CD-ZWZJ000012');
insert into `tsys_menu` (`code`, `name`, `type`, `url`, `order_no`, `updater`, `update_datetime`, `remark`, `parent_code`, `system_code`) values('SM201707111751589083103','新增','2','/add','1','admin',now(),'','SM201707111731566991585','CD-ZWZJ000012');
insert into `tsys_menu` (`code`, `name`, `type`, `url`, `order_no`, `updater`, `update_datetime`, `remark`, `parent_code`, `system_code`) values('SM201707111752367084964','修改','2','/edit2','2','admin',now(),'','SM201707111731566991585','CD-ZWZJ000012');
insert into `tsys_menu` (`code`, `name`, `type`, `url`, `order_no`, `updater`, `update_datetime`, `remark`, `parent_code`, `system_code`) values('SM201707111753028705093','详情','2','/detail','8','admin',now(),'','SM201707111731566991585','CD-ZWZJ000012');
insert into `tsys_menu` (`code`, `name`, `type`, `url`, `order_no`, `updater`, `update_datetime`, `remark`, `parent_code`, `system_code`) values('SM201707111754590662755','审批','2','/check','3','admin',now(),'','SM201707111750165496674','CD-ZWZJ000012');
insert into `tsys_menu` (`code`, `name`, `type`, `url`, `order_no`, `updater`, `update_datetime`, `remark`, `parent_code`, `system_code`) values('SM201707111755208362302','取消','2','/cancel','2','admin',now(),'','SM201707111750165496674','CD-ZWZJ000012');
insert into `tsys_menu` (`code`, `name`, `type`, `url`, `order_no`, `updater`, `update_datetime`, `remark`, `parent_code`, `system_code`) values('SM201707111755425215816','详情','2','/detail','3','admin',now(),'','SM201707111750165496674','CD-ZWZJ000012');
insert into `tsys_menu` (`code`, `name`, `type`, `url`, `order_no`, `updater`, `update_datetime`, `remark`, `parent_code`, `system_code`) values('SM201707111756133195675','详情','2','/detail','1','admin',now(),'','SM2017071117511863782','CD-ZWZJ000012');
insert into `tsys_menu` (`code`, `name`, `type`, `url`, `order_no`, `updater`, `update_datetime`, `remark`, `parent_code`, `system_code`) values('SM201707121005409843365','外部账对账','1','#','4','admin',now(),'','SM201707111336052541212','CD-ZWZJ000012');
insert into `tsys_menu` (`code`, `name`, `type`, `url`, `order_no`, `updater`, `update_datetime`, `remark`, `parent_code`, `system_code`) values('SM201707121027309326475','自动对账监控','1','/finance/autoAccount.htm','1','admin',now(),'','SM201707121005409843365','CD-ZWZJ000012');
insert into `tsys_menu` (`code`, `name`, `type`, `url`, `order_no`, `updater`, `update_datetime`, `remark`, `parent_code`, `system_code`) values('SM20170712103057482773','不平账处理','1','/finance/outUnfairAccount.htm','2','admin',now(),'','SM201707121005409843365','CD-ZWZJ000012');
insert into `tsys_menu` (`code`, `name`, `type`, `url`, `order_no`, `updater`, `update_datetime`, `remark`, `parent_code`, `system_code`) values('SM201707121033009191401','内部账对账','1','#','5','admin',now(),'','SM201707111336052541212','CD-ZWZJ000012');
insert into `tsys_menu` (`code`, `name`, `type`, `url`, `order_no`, `updater`, `update_datetime`, `remark`, `parent_code`, `system_code`) values('SM201707121039500714945','二次扎账','1','/finance/twoAccount.htm','1','admin',now(),'','SM201707121033009191401','CD-ZWZJ000012');
insert into `tsys_menu` (`code`, `name`, `type`, `url`, `order_no`, `updater`, `update_datetime`, `remark`, `parent_code`, `system_code`) values('SM201707121047080136758','不平账处理','1','/finance/inUnfairAccount.htm','2','admin',now(),'','SM201707121033009191401','CD-ZWZJ000012');
insert into `tsys_menu` (`code`, `name`, `type`, `url`, `order_no`, `updater`, `update_datetime`, `remark`, `parent_code`, `system_code`) values('SM201707121107360648481','对账','2','/examine','1','admin',now(),'','SM20170712103057482773','CD-ZWZJ000012');
insert into `tsys_menu` (`code`, `name`, `type`, `url`, `order_no`, `updater`, `update_datetime`, `remark`, `parent_code`, `system_code`) values('SM201707121108287904948','详情','2','/detail','2','admin',now(),'','SM20170712103057482773','CD-ZWZJ000012');
insert into `tsys_menu` (`code`, `name`, `type`, `url`, `order_no`, `updater`, `update_datetime`, `remark`, `parent_code`, `system_code`) values('SM201707121111309097296','详情','2','/detail','1','admin',now(),'','SM201707121027309326475','CD-ZWZJ000012');
insert into `tsys_menu` (`code`, `name`, `type`, `url`, `order_no`, `updater`, `update_datetime`, `remark`, `parent_code`, `system_code`) values('SM201707121122146682273','对账','2','/examine','1','admin',now(),'','SM201707121047080136758','CD-ZWZJ000012');
insert into `tsys_menu` (`code`, `name`, `type`, `url`, `order_no`, `updater`, `update_datetime`, `remark`, `parent_code`, `system_code`) values('SM20170712112257280829','详情','2','/detail','2','admin',now(),'','SM201707121047080136758','CD-ZWZJ000012');
insert into `tsys_menu` (`code`, `name`, `type`, `url`, `order_no`, `updater`, `update_datetime`, `remark`, `parent_code`, `system_code`) values('SM201707121334081716162','对账','2','/edit','1','admin',now(),'','SM201707121039500714945','CD-ZWZJ000012');
insert into `tsys_menu` (`code`, `name`, `type`, `url`, `order_no`, `updater`, `update_datetime`, `remark`, `parent_code`, `system_code`) values('SM201707121334394024468','详情','2','/detail','2','admin',now(),'','SM201707121039500714945','CD-ZWZJ000012');
insert into `tsys_menu` (`code`, `name`, `type`, `url`, `order_no`, `updater`, `update_datetime`, `remark`, `parent_code`, `system_code`) values('SM201707121505477359832','私教管理','1','#','2','admin',now(),'','CZWZJSM2015032111004908332','CD-ZWZJ000012');
insert into `tsys_menu` (`code`, `name`, `type`, `url`, `order_no`, `updater`, `update_datetime`, `remark`, `parent_code`, `system_code`) values('SM201707121506088488775','私教查询','1','/biz/personal/personalTrainer.htm','1','admin',now(),'','SM201707121505477359832','CD-ZWZJ000012');
insert into `tsys_menu` (`code`, `name`, `type`, `url`, `order_no`, `updater`, `update_datetime`, `remark`, `parent_code`, `system_code`) values('SM201707121521049168640','客户管理','1','#','3','admin',now(),'','CZWZJSM2015032111004908332','CD-ZWZJ000012');
insert into `tsys_menu` (`code`, `name`, `type`, `url`, `order_no`, `updater`, `update_datetime`, `remark`, `parent_code`, `system_code`) values('SM201707121525229223737','会员查询','1','/member/member.htm','1','admin',now(),'','SM201707121521049168640','CD-ZWZJ000012');
insert into `tsys_menu` (`code`, `name`, `type`, `url`, `order_no`, `updater`, `update_datetime`, `remark`, `parent_code`, `system_code`) values('SM20170712153400476211','注销/激活','2','/rock','1','admin',now(),'','SM201707121525229223737','CD-ZWZJ000012');
insert into `tsys_menu` (`code`, `name`, `type`, `url`, `order_no`, `updater`, `update_datetime`, `remark`, `parent_code`, `system_code`) values('SM201707121537114264741','账户查询','2','/account','3','admin',now(),'','SM201707121525229223737','CD-ZWZJ000012');
insert into `tsys_menu` (`code`, `name`, `type`, `url`, `order_no`, `updater`, `update_datetime`, `remark`, `parent_code`, `system_code`) values('SM201707121537382743146','详情','2','/deta','4','admin',now(),'','SM201707121525229223737','CD-ZWZJ000012');
insert into `tsys_menu` (`code`, `name`, `type`, `url`, `order_no`, `updater`, `update_datetime`, `remark`, `parent_code`, `system_code`) values('SM201707121543130709803','流水','2','/ledger','1','admin',now(),'','SM201707121525229223737','CD-ZWZJ000012');
insert into `tsys_menu` (`code`, `name`, `type`, `url`, `order_no`, `updater`, `update_datetime`, `remark`, `parent_code`, `system_code`) values('SM201707121544108353582','导出','2','/export','6','admin',now(),'','SM201707121525229223737','CD-ZWZJ000012');
insert into `tsys_menu` (`code`, `name`, `type`, `url`, `order_no`, `updater`, `update_datetime`, `remark`, `parent_code`, `system_code`) values('SM201707121550221755898','业务规则','1','#','4','admin',now(),'','CZWZJSM2015032111004908332','CD-ZWZJ000012');
insert into `tsys_menu` (`code`, `name`, `type`, `url`, `order_no`, `updater`, `update_datetime`, `remark`, `parent_code`, `system_code`) values('SM201707121553307419668','积分规则','1','/rule/jfRule.htm','2','admin',now(),'','SM201707121550221755898','CD-ZWZJ000012');
insert into `tsys_menu` (`code`, `name`, `type`, `url`, `order_no`, `updater`, `update_datetime`, `remark`, `parent_code`, `system_code`) values('SM201707121554556484578','修改','2','/edit','1','admin',now(),'','SM201707121553307419668','CD-ZWZJ000012');
insert into `tsys_menu` (`code`, `name`, `type`, `url`, `order_no`, `updater`, `update_datetime`, `remark`, `parent_code`, `system_code`) values('SM201707121608531773425','活动管理','1','#','5','admin',now(),'','CZWZJSM2015032111004908332','CD-ZWZJ000012');
insert into `tsys_menu` (`code`, `name`, `type`, `url`, `order_no`, `updater`, `update_datetime`, `remark`, `parent_code`, `system_code`) values('SM201707121610112854129','活动管理','1','/active/active.htm','1','admin',now(),'','SM201707121608531773425','CD-ZWZJ000012');
insert into `tsys_menu` (`code`, `name`, `type`, `url`, `order_no`, `updater`, `update_datetime`, `remark`, `parent_code`, `system_code`) values('SM201707121611065849757','新增','2','/add','1','admin',now(),'','SM201707121610112854129','CD-ZWZJ000012');
insert into `tsys_menu` (`code`, `name`, `type`, `url`, `order_no`, `updater`, `update_datetime`, `remark`, `parent_code`, `system_code`) values('SM201707121614010017733','修改','2','/edit2','2','admin',now(),'','SM201707121610112854129','CD-ZWZJ000012');
insert into `tsys_menu` (`code`, `name`, `type`, `url`, `order_no`, `updater`, `update_datetime`, `remark`, `parent_code`, `system_code`) values('SM201707121614328562896','上架','2','/up','3','admin',now(),'','SM201707121610112854129','CD-ZWZJ000012');
insert into `tsys_menu` (`code`, `name`, `type`, `url`, `order_no`, `updater`, `update_datetime`, `remark`, `parent_code`, `system_code`) values('SM201707121615191759407','下架','2','/down','4','admin',now(),'','SM201707121610112854129','CD-ZWZJ000012');
insert into `tsys_menu` (`code`, `name`, `type`, `url`, `order_no`, `updater`, `update_datetime`, `remark`, `parent_code`, `system_code`) values('SM201707121615511165149','详情','2','/detail','7','admin',now(),'','SM201707121610112854129','CD-ZWZJ000012');
insert into `tsys_menu` (`code`, `name`, `type`, `url`, `order_no`, `updater`, `update_datetime`, `remark`, `parent_code`, `system_code`) values('SM201707121616594653531','订单处理','1','/active/order.htm','2','admin',now(),'','SM201707121608531773425','CD-ZWZJ000012');
insert into `tsys_menu` (`code`, `name`, `type`, `url`, `order_no`, `updater`, `update_datetime`, `remark`, `parent_code`, `system_code`) values('SM201707121617378551100','取消','2','/cancel','1','admin',now(),'','SM201707121616594653531','CD-ZWZJ000012');
insert into `tsys_menu` (`code`, `name`, `type`, `url`, `order_no`, `updater`, `update_datetime`, `remark`, `parent_code`, `system_code`) values('SM201707121618018226664','审批','2','/check','','admin',now(),'','SM201707121616594653531','CD-ZWZJ000012');
insert into `tsys_menu` (`code`, `name`, `type`, `url`, `order_no`, `updater`, `update_datetime`, `remark`, `parent_code`, `system_code`) values('SM201707121618291486418','详情','2','/detail','8','admin',now(),'','SM201707121616594653531','CD-ZWZJ000012');
insert into `tsys_menu` (`code`, `name`, `type`, `url`, `order_no`, `updater`, `update_datetime`, `remark`, `parent_code`, `system_code`) values('SM201707121716377229573','评论管理','1','#','6','admin',now(),'','CZWZJSM2015032111004908332','CD-ZWZJ000012');
insert into `tsys_menu` (`code`, `name`, `type`, `url`, `order_no`, `updater`, `update_datetime`, `remark`, `parent_code`, `system_code`) values('SM201707121721419435189','关键字设置','1','/biz/comment/keyWord.htm','1','admin',now(),'','SM201707121716377229573','CD-ZWZJ000012');
insert into `tsys_menu` (`code`, `name`, `type`, `url`, `order_no`, `updater`, `update_datetime`, `remark`, `parent_code`, `system_code`) values('SM20170712172225623646','评论审核','1','/biz/comment/comment.htm','2','admin',now(),'','SM201707121716377229573','CD-ZWZJ000012');
insert into `tsys_menu` (`code`, `name`, `type`, `url`, `order_no`, `updater`, `update_datetime`, `remark`, `parent_code`, `system_code`) values('SM20170712172306919412','评论查询','1','/biz/comment/commentQuery.htm','3','admin',now(),'','SM201707121716377229573','CD-ZWZJ000012');
insert into `tsys_menu` (`code`, `name`, `type`, `url`, `order_no`, `updater`, `update_datetime`, `remark`, `parent_code`, `system_code`) values('SM201707121724287114124','新增','2','/add','1','admin',now(),'','SM201707121721419435189','CD-ZWZJ000012');
insert into `tsys_menu` (`code`, `name`, `type`, `url`, `order_no`, `updater`, `update_datetime`, `remark`, `parent_code`, `system_code`) values('SM201707121724587224560','修改','2','/edit','2','admin',now(),'','SM201707121721419435189','CD-ZWZJ000012');
insert into `tsys_menu` (`code`, `name`, `type`, `url`, `order_no`, `updater`, `update_datetime`, `remark`, `parent_code`, `system_code`) values('SM201707121725272247490','删除','2','/delete','3','admin',now(),'','SM201707121721419435189','CD-ZWZJ000012');
insert into `tsys_menu` (`code`, `name`, `type`, `url`, `order_no`, `updater`, `update_datetime`, `remark`, `parent_code`, `system_code`) values('SM201707121726052406340','导入','2','/import','4','admin',now(),'','SM201707121721419435189','CD-ZWZJ000012');
insert into `tsys_menu` (`code`, `name`, `type`, `url`, `order_no`, `updater`, `update_datetime`, `remark`, `parent_code`, `system_code`) values('SM201707121726593272666','审核','2','/check','1','admin',now(),'','SM20170712172225623646','CD-ZWZJ000012');
insert into `tsys_menu` (`code`, `name`, `type`, `url`, `order_no`, `updater`, `update_datetime`, `remark`, `parent_code`, `system_code`) values('SM20170712172728602457','详情','2','/detail','1','admin',now(),'','SM20170712172306919412','CD-ZWZJ000012');
insert into `tsys_menu` (`code`, `name`, `type`, `url`, `order_no`, `updater`, `update_datetime`, `remark`, `parent_code`, `system_code`) values('SM201707130948016755342','订单查询','1','/biz/personal/pOrder.htm','2','admin',now(),'','SM201707121505477359832','CD-ZWZJ000012');
insert into `tsys_menu` (`code`, `name`, `type`, `url`, `order_no`, `updater`, `update_datetime`, `remark`, `parent_code`, `system_code`) values('SM201707130948587179997','详情','2','/detail','2','admin',now(),'','SM201707130948016755342','CD-ZWZJ000012');
insert into `tsys_menu` (`code`, `name`, `type`, `url`, `order_no`, `updater`, `update_datetime`, `remark`, `parent_code`, `system_code`) values('SM201707131128459177453','详情','2','/detail','2','admin',now(),'','SM20170712172225623646','CD-ZWZJ000012');
insert into `tsys_menu` (`code`, `name`, `type`, `url`, `order_no`, `updater`, `update_datetime`, `remark`, `parent_code`, `system_code`) values('SM201707140947563481780','新增','2','/add','1','admin',now(),'','CZWZJSM2015101716253866426','CD-ZWZJ000012');
insert into `tsys_menu` (`code`, `name`, `type`, `url`, `order_no`, `updater`, `update_datetime`, `remark`, `parent_code`, `system_code`) values('SM201707140953001279825','修改','2','/edit2','2','admin',now(),'','CZWZJSM2015101716261754674','CD-ZWZJ000012');
insert into `tsys_menu` (`code`, `name`, `type`, `url`, `order_no`, `updater`, `update_datetime`, `remark`, `parent_code`, `system_code`) values('SM2017071409534677465','重置密码','2','/reset','3','admin',now(),'','CZWZJSM2015101716261754674','CD-ZWZJ000012');
insert into `tsys_menu` (`code`, `name`, `type`, `url`, `order_no`, `updater`, `update_datetime`, `remark`, `parent_code`, `system_code`) values('SM201707141003551066572','注销/激活','2','/rock','4','admin',now(),'','CZWZJSM2015101716261754674','CD-ZWZJ000012');
insert into `tsys_menu` (`code`, `name`, `type`, `url`, `order_no`, `updater`, `update_datetime`, `remark`, `parent_code`, `system_code`) values('SM201707171328089711830','截止活动','2','/stop','5','admin',now(),'','SM201707121610112854129','CD-ZWZJ000012');
insert into `tsys_menu` (`code`, `name`, `type`, `url`, `order_no`, `updater`, `update_datetime`, `remark`, `parent_code`, `system_code`) values('SM201707171407200313748','删除','2','/delete','2','admin',now(),'','SM201707121610112854129','CD-ZWZJ000012');
insert into `tsys_menu` (`code`, `name`, `type`, `url`, `order_no`, `updater`, `update_datetime`, `remark`, `parent_code`, `system_code`) values('SM201707171450597573462','删除','2','/dele','3','admin',now(),'','SM201707111731566991585','CD-ZWZJ000012');
insert into `tsys_menu` (`code`, `name`, `type`, `url`, `order_no`, `updater`, `update_datetime`, `remark`, `parent_code`, `system_code`) values('SM201707171451334734162','上架','2','/up','4','admin',now(),'','SM201707111731566991585','CD-ZWZJ000012');
insert into `tsys_menu` (`code`, `name`, `type`, `url`, `order_no`, `updater`, `update_datetime`, `remark`, `parent_code`, `system_code`) values('SM201707171451531191253','下架','2','/down','5','admin',now(),'','SM201707111731566991585','CD-ZWZJ000012');
insert into `tsys_menu` (`code`, `name`, `type`, `url`, `order_no`, `updater`, `update_datetime`, `remark`, `parent_code`, `system_code`) values('SM201707171452273238494','截止报名','2','/stop','7','admin',now(),'','SM201707111731566991585','CD-ZWZJ000012');
insert into `tsys_menu` (`code`, `name`, `type`, `url`, `order_no`, `updater`, `update_datetime`, `remark`, `parent_code`, `system_code`) values('SM20170717170913903978','审核','2','/check','1','admin',now(),'','SM201707121506088488775','CD-ZWZJ000012');
insert into `tsys_menu` (`code`, `name`, `type`, `url`, `order_no`, `updater`, `update_datetime`, `remark`, `parent_code`, `system_code`) values('SM201707171709309685295','详情','2','/detail','2','admin',now(),'','SM201707121506088488775','CD-ZWZJ000012');
insert into `tsys_menu` (`code`, `name`, `type`, `url`, `order_no`, `updater`, `update_datetime`, `remark`, `parent_code`, `system_code`) values('SM201707191342372556034','星级规则','1','/rule/starRule.htm','2','admin',now(),'','SM201707121550221755898','CD-ZWZJ000012');
insert into `tsys_menu` (`code`, `name`, `type`, `url`, `order_no`, `updater`, `update_datetime`, `remark`, `parent_code`, `system_code`) values('SM201707191342583049817','修改','2','/edit','1','admin',now(),'','SM201707191342372556034','CD-ZWZJ000012');
insert into `tsys_menu` (`code`, `name`, `type`, `url`, `order_no`, `updater`, `update_datetime`, `remark`, `parent_code`, `system_code`) values('SM201707201418517318421','订单查询','1','/active/orderQuery.htm','3','admin',now(),'','SM201707121608531773425','CD-ZWZJ000012');
insert into `tsys_menu` (`code`, `name`, `type`, `url`, `order_no`, `updater`, `update_datetime`, `remark`, `parent_code`, `system_code`) values('SM20170720141932784507','详情','2','/detail','1','admin',now(),'','SM201707201418517318421','CD-ZWZJ000012');
insert into `tsys_menu` (`code`, `name`, `type`, `url`, `order_no`, `updater`, `update_datetime`, `remark`, `parent_code`, `system_code`) values('SM201707201539525922717','充值送积分','1','/rule/rechargeRule.htm','0','admin',now(),'','SM201707111419225912829','CD-ZWZJ000012');
insert into `tsys_menu` (`code`, `name`, `type`, `url`, `order_no`, `updater`, `update_datetime`, `remark`, `parent_code`, `system_code`) values('SM201707201540203497299','修改','2','/edit','1','admin',now(),'','SM201707201539525922717','CD-ZWZJ000012');
insert into `tsys_menu` (`code`, `name`, `type`, `url`, `order_no`, `updater`, `update_datetime`, `remark`, `parent_code`, `system_code`) values('SM201707211100213513717','分成规则','1','/rule/divideIntoRule.htm','4','admin',now(),'','SM201707121550221755898','CD-ZWZJ000012');
insert into `tsys_menu` (`code`, `name`, `type`, `url`, `order_no`, `updater`, `update_datetime`, `remark`, `parent_code`, `system_code`) values('SM201707211100395441460','修改','2','/edit','1','admin',now(),'','SM201707211100213513717','CD-ZWZJ000012');
insert into `tsys_menu` (`code`, `name`, `type`, `url`, `order_no`, `updater`, `update_datetime`, `remark`, `parent_code`, `system_code`) values('SM201707211322432745763','配置参数管理','1','/general/config.htm','3','admin',now(),'','CZWZJSM201500001000000002','CD-ZWZJ000012');
insert into `tsys_menu` (`code`, `name`, `type`, `url`, `order_no`, `updater`, `update_datetime`, `remark`, `parent_code`, `system_code`) values('SM201707211323084379859','修改','2','/edit','1','admin',now(),'','SM201707211322432745763','CD-ZWZJ000012');
insert into `tsys_menu` (`code`, `name`, `type`, `url`, `order_no`, `updater`, `update_datetime`, `remark`, `parent_code`, `system_code`) values('SM201707211348288597309','评论规则','1','/rule/commentRule.htm','5','admin',now(),'','SM201707121550221755898','CD-ZWZJ000012');
insert into `tsys_menu` (`code`, `name`, `type`, `url`, `order_no`, `updater`, `update_datetime`, `remark`, `parent_code`, `system_code`) values('SM201707211348507684118','修改','2','/edit','1','admin',now(),'','SM201707211348288597309','CD-ZWZJ000012');



insert into `tsys_menu_role` (`role_code`, `menu_code`, `updater`, `update_datetime`, `remark`, `system_code`) values('CZWZJR201500000000000001','CZWZJSM201500000000000000','admin',now(),NULL,'CD-ZWZJ000012');
insert into `tsys_menu_role` (`role_code`, `menu_code`, `updater`, `update_datetime`, `remark`, `system_code`) values('CZWZJR201500000000000001','CZWZJSM201500001000000001','admin',now(),NULL,'CD-ZWZJ000012');
insert into `tsys_menu_role` (`role_code`, `menu_code`, `updater`, `update_datetime`, `remark`, `system_code`) values('CZWZJR201500000000000001','CZWZJSM201500001000000002','admin',now(),NULL,'CD-ZWZJ000012');
insert into `tsys_menu_role` (`role_code`, `menu_code`, `updater`, `update_datetime`, `remark`, `system_code`) values('CZWZJR201500000000000001','CZWZJSM201500001000000003','admin',now(),NULL,'CD-ZWZJ000012');
insert into `tsys_menu_role` (`role_code`, `menu_code`, `updater`, `update_datetime`, `remark`, `system_code`) values('CZWZJR201500000000000001','CZWZJSM201500001000000004','admin',now(),NULL,'CD-ZWZJ000012');
insert into `tsys_menu_role` (`role_code`, `menu_code`, `updater`, `update_datetime`, `remark`, `system_code`) values('CZWZJR201500000000000001','CZWZJSM2015101717551955993','admin',now(),NULL,'CD-ZWZJ000012');
insert into `tsys_menu_role` (`role_code`, `menu_code`, `updater`, `update_datetime`, `remark`, `system_code`) values('CZWZJR201500000000000001','CZWZJSM2015101716295904680','admin',now(),NULL,'CD-ZWZJ000012');
insert into `tsys_menu_role` (`role_code`, `menu_code`, `updater`, `update_datetime`, `remark`, `system_code`) values('CZWZJR201500000000000001','CZWZJSM2015101719143965297','admin',now(),NULL,'CD-ZWZJ000012');
insert into `tsys_menu_role` (`role_code`, `menu_code`, `updater`, `update_datetime`, `remark`, `system_code`) values('CZWZJR201500000000000001','SM201707211322432745763','admin',now(),NULL,'CD-ZWZJ000012');
insert into `tsys_menu_role` (`role_code`, `menu_code`, `updater`, `update_datetime`, `remark`, `system_code`) values('CZWZJR201500000000000001','SM201707211323084379859','admin',now(),NULL,'CD-ZWZJ000012');
insert into `tsys_menu_role` (`role_code`, `menu_code`, `updater`, `update_datetime`, `remark`, `system_code`) values('CZWZJR201500000000000001','CZWZJSM2015032110563544277','admin',now(),NULL,'CD-ZWZJ000012');
insert into `tsys_menu_role` (`role_code`, `menu_code`, `updater`, `update_datetime`, `remark`, `system_code`) values('CZWZJR201500000000000001','CZWZJSM2015101716253866426','admin',now(),NULL,'CD-ZWZJ000012');
insert into `tsys_menu_role` (`role_code`, `menu_code`, `updater`, `update_datetime`, `remark`, `system_code`) values('CZWZJR201500000000000001','CZWZJSM2015101716450533995','admin',now(),NULL,'CD-ZWZJ000012');
insert into `tsys_menu_role` (`role_code`, `menu_code`, `updater`, `update_datetime`, `remark`, `system_code`) values('CZWZJR201500000000000001','CZWZJSM2015101717560118734','admin',now(),NULL,'CD-ZWZJ000012');
insert into `tsys_menu_role` (`role_code`, `menu_code`, `updater`, `update_datetime`, `remark`, `system_code`) values('CZWZJR201500000000000001','CZWZJSM2015101717563661357','admin',now(),NULL,'CD-ZWZJ000012');
insert into `tsys_menu_role` (`role_code`, `menu_code`, `updater`, `update_datetime`, `remark`, `system_code`) values('CZWZJR201500000000000001','SM201707140947563481780','admin',now(),NULL,'CD-ZWZJ000012');
insert into `tsys_menu_role` (`role_code`, `menu_code`, `updater`, `update_datetime`, `remark`, `system_code`) values('CZWZJR201500000000000001','CZWZJSM2015101716261754674','admin',now(),NULL,'CD-ZWZJ000012');
insert into `tsys_menu_role` (`role_code`, `menu_code`, `updater`, `update_datetime`, `remark`, `system_code`) values('CZWZJR201500000000000001','CZWZJSM2015101719082391126','admin',now(),NULL,'CD-ZWZJ000012');
insert into `tsys_menu_role` (`role_code`, `menu_code`, `updater`, `update_datetime`, `remark`, `system_code`) values('CZWZJR201500000000000001','CZWZJSM2015101719110981215','admin',now(),NULL,'CD-ZWZJ000012');
insert into `tsys_menu_role` (`role_code`, `menu_code`, `updater`, `update_datetime`, `remark`, `system_code`) values('CZWZJR201500000000000001','SM201707140953001279825','admin',now(),NULL,'CD-ZWZJ000012');
insert into `tsys_menu_role` (`role_code`, `menu_code`, `updater`, `update_datetime`, `remark`, `system_code`) values('CZWZJR201500000000000001','SM2017071409534677465','admin',now(),NULL,'CD-ZWZJ000012');
insert into `tsys_menu_role` (`role_code`, `menu_code`, `updater`, `update_datetime`, `remark`, `system_code`) values('CZWZJR201500000000000001','SM201707141003551066572','admin',now(),NULL,'CD-ZWZJ000012');
insert into `tsys_menu_role` (`role_code`, `menu_code`, `updater`, `update_datetime`, `remark`, `system_code`) values('CZWZJR201500000000000001','CZWZJSM2015032111004908332','admin',now(),NULL,'CD-ZWZJ000012');
insert into `tsys_menu_role` (`role_code`, `menu_code`, `updater`, `update_datetime`, `remark`, `system_code`) values('CZWZJR201500000000000001','SM201707111731340404464','admin',now(),NULL,'CD-ZWZJ000012');
insert into `tsys_menu_role` (`role_code`, `menu_code`, `updater`, `update_datetime`, `remark`, `system_code`) values('CZWZJR201500000000000001','SM201707111731566991585','admin',now(),NULL,'CD-ZWZJ000012');
insert into `tsys_menu_role` (`role_code`, `menu_code`, `updater`, `update_datetime`, `remark`, `system_code`) values('CZWZJR201500000000000001','SM201707111751589083103','admin',now(),NULL,'CD-ZWZJ000012');
insert into `tsys_menu_role` (`role_code`, `menu_code`, `updater`, `update_datetime`, `remark`, `system_code`) values('CZWZJR201500000000000001','SM201707111752367084964','admin',now(),NULL,'CD-ZWZJ000012');
insert into `tsys_menu_role` (`role_code`, `menu_code`, `updater`, `update_datetime`, `remark`, `system_code`) values('CZWZJR201500000000000001','SM201707111753028705093','admin',now(),NULL,'CD-ZWZJ000012');
insert into `tsys_menu_role` (`role_code`, `menu_code`, `updater`, `update_datetime`, `remark`, `system_code`) values('CZWZJR201500000000000001','SM201707171450597573462','admin',now(),NULL,'CD-ZWZJ000012');
insert into `tsys_menu_role` (`role_code`, `menu_code`, `updater`, `update_datetime`, `remark`, `system_code`) values('CZWZJR201500000000000001','SM201707171451334734162','admin',now(),NULL,'CD-ZWZJ000012');
insert into `tsys_menu_role` (`role_code`, `menu_code`, `updater`, `update_datetime`, `remark`, `system_code`) values('CZWZJR201500000000000001','SM201707171451531191253','admin',now(),NULL,'CD-ZWZJ000012');
insert into `tsys_menu_role` (`role_code`, `menu_code`, `updater`, `update_datetime`, `remark`, `system_code`) values('CZWZJR201500000000000001','SM201707171452273238494','admin',now(),NULL,'CD-ZWZJ000012');
insert into `tsys_menu_role` (`role_code`, `menu_code`, `updater`, `update_datetime`, `remark`, `system_code`) values('CZWZJR201500000000000001','SM201707111750165496674','admin',now(),NULL,'CD-ZWZJ000012');
insert into `tsys_menu_role` (`role_code`, `menu_code`, `updater`, `update_datetime`, `remark`, `system_code`) values('CZWZJR201500000000000001','SM201707111754590662755','admin',now(),NULL,'CD-ZWZJ000012');
insert into `tsys_menu_role` (`role_code`, `menu_code`, `updater`, `update_datetime`, `remark`, `system_code`) values('CZWZJR201500000000000001','SM201707111755208362302','admin',now(),NULL,'CD-ZWZJ000012');
insert into `tsys_menu_role` (`role_code`, `menu_code`, `updater`, `update_datetime`, `remark`, `system_code`) values('CZWZJR201500000000000001','SM201707111755425215816','admin',now(),NULL,'CD-ZWZJ000012');
insert into `tsys_menu_role` (`role_code`, `menu_code`, `updater`, `update_datetime`, `remark`, `system_code`) values('CZWZJR201500000000000001','SM2017071117511863782','admin',now(),NULL,'CD-ZWZJ000012');
insert into `tsys_menu_role` (`role_code`, `menu_code`, `updater`, `update_datetime`, `remark`, `system_code`) values('CZWZJR201500000000000001','SM201707111756133195675','admin',now(),NULL,'CD-ZWZJ000012');
insert into `tsys_menu_role` (`role_code`, `menu_code`, `updater`, `update_datetime`, `remark`, `system_code`) values('CZWZJR201500000000000001','SM201707121505477359832','admin',now(),NULL,'CD-ZWZJ000012');
insert into `tsys_menu_role` (`role_code`, `menu_code`, `updater`, `update_datetime`, `remark`, `system_code`) values('CZWZJR201500000000000001','SM201707121506088488775','admin',now(),NULL,'CD-ZWZJ000012');
insert into `tsys_menu_role` (`role_code`, `menu_code`, `updater`, `update_datetime`, `remark`, `system_code`) values('CZWZJR201500000000000001','SM20170717170913903978','admin',now(),NULL,'CD-ZWZJ000012');
insert into `tsys_menu_role` (`role_code`, `menu_code`, `updater`, `update_datetime`, `remark`, `system_code`) values('CZWZJR201500000000000001','SM201707171709309685295','admin',now(),NULL,'CD-ZWZJ000012');
insert into `tsys_menu_role` (`role_code`, `menu_code`, `updater`, `update_datetime`, `remark`, `system_code`) values('CZWZJR201500000000000001','SM201707130948016755342','admin',now(),NULL,'CD-ZWZJ000012');
insert into `tsys_menu_role` (`role_code`, `menu_code`, `updater`, `update_datetime`, `remark`, `system_code`) values('CZWZJR201500000000000001','SM201707130948587179997','admin',now(),NULL,'CD-ZWZJ000012');
insert into `tsys_menu_role` (`role_code`, `menu_code`, `updater`, `update_datetime`, `remark`, `system_code`) values('CZWZJR201500000000000001','SM201707121521049168640','admin',now(),NULL,'CD-ZWZJ000012');
insert into `tsys_menu_role` (`role_code`, `menu_code`, `updater`, `update_datetime`, `remark`, `system_code`) values('CZWZJR201500000000000001','SM201707121525229223737','admin',now(),NULL,'CD-ZWZJ000012');
insert into `tsys_menu_role` (`role_code`, `menu_code`, `updater`, `update_datetime`, `remark`, `system_code`) values('CZWZJR201500000000000001','SM20170712153400476211','admin',now(),NULL,'CD-ZWZJ000012');
insert into `tsys_menu_role` (`role_code`, `menu_code`, `updater`, `update_datetime`, `remark`, `system_code`) values('CZWZJR201500000000000001','SM201707121537114264741','admin',now(),NULL,'CD-ZWZJ000012');
insert into `tsys_menu_role` (`role_code`, `menu_code`, `updater`, `update_datetime`, `remark`, `system_code`) values('CZWZJR201500000000000001','SM201707121537382743146','admin',now(),NULL,'CD-ZWZJ000012');
insert into `tsys_menu_role` (`role_code`, `menu_code`, `updater`, `update_datetime`, `remark`, `system_code`) values('CZWZJR201500000000000001','SM201707121543130709803','admin',now(),NULL,'CD-ZWZJ000012');
insert into `tsys_menu_role` (`role_code`, `menu_code`, `updater`, `update_datetime`, `remark`, `system_code`) values('CZWZJR201500000000000001','SM201707121544108353582','admin',now(),NULL,'CD-ZWZJ000012');
insert into `tsys_menu_role` (`role_code`, `menu_code`, `updater`, `update_datetime`, `remark`, `system_code`) values('CZWZJR201500000000000001','SM201707121550221755898','admin',now(),NULL,'CD-ZWZJ000012');
insert into `tsys_menu_role` (`role_code`, `menu_code`, `updater`, `update_datetime`, `remark`, `system_code`) values('CZWZJR201500000000000001','SM201707121553307419668','admin',now(),NULL,'CD-ZWZJ000012');
insert into `tsys_menu_role` (`role_code`, `menu_code`, `updater`, `update_datetime`, `remark`, `system_code`) values('CZWZJR201500000000000001','SM201707121554556484578','admin',now(),NULL,'CD-ZWZJ000012');
insert into `tsys_menu_role` (`role_code`, `menu_code`, `updater`, `update_datetime`, `remark`, `system_code`) values('CZWZJR201500000000000001','SM201707191342372556034','admin',now(),NULL,'CD-ZWZJ000012');
insert into `tsys_menu_role` (`role_code`, `menu_code`, `updater`, `update_datetime`, `remark`, `system_code`) values('CZWZJR201500000000000001','SM201707191342583049817','admin',now(),NULL,'CD-ZWZJ000012');
insert into `tsys_menu_role` (`role_code`, `menu_code`, `updater`, `update_datetime`, `remark`, `system_code`) values('CZWZJR201500000000000001','SM201707211100213513717','admin',now(),NULL,'CD-ZWZJ000012');
insert into `tsys_menu_role` (`role_code`, `menu_code`, `updater`, `update_datetime`, `remark`, `system_code`) values('CZWZJR201500000000000001','SM201707211100395441460','admin',now(),NULL,'CD-ZWZJ000012');
insert into `tsys_menu_role` (`role_code`, `menu_code`, `updater`, `update_datetime`, `remark`, `system_code`) values('CZWZJR201500000000000001','SM201707211348288597309','admin',now(),NULL,'CD-ZWZJ000012');
insert into `tsys_menu_role` (`role_code`, `menu_code`, `updater`, `update_datetime`, `remark`, `system_code`) values('CZWZJR201500000000000001','SM201707211348507684118','admin',now(),NULL,'CD-ZWZJ000012');
insert into `tsys_menu_role` (`role_code`, `menu_code`, `updater`, `update_datetime`, `remark`, `system_code`) values('CZWZJR201500000000000001','SM201707121608531773425','admin',now(),NULL,'CD-ZWZJ000012');
insert into `tsys_menu_role` (`role_code`, `menu_code`, `updater`, `update_datetime`, `remark`, `system_code`) values('CZWZJR201500000000000001','SM201707121610112854129','admin',now(),NULL,'CD-ZWZJ000012');
insert into `tsys_menu_role` (`role_code`, `menu_code`, `updater`, `update_datetime`, `remark`, `system_code`) values('CZWZJR201500000000000001','SM201707121611065849757','admin',now(),NULL,'CD-ZWZJ000012');
insert into `tsys_menu_role` (`role_code`, `menu_code`, `updater`, `update_datetime`, `remark`, `system_code`) values('CZWZJR201500000000000001','SM201707121614010017733','admin',now(),NULL,'CD-ZWZJ000012');
insert into `tsys_menu_role` (`role_code`, `menu_code`, `updater`, `update_datetime`, `remark`, `system_code`) values('CZWZJR201500000000000001','SM201707121614328562896','admin',now(),NULL,'CD-ZWZJ000012');
insert into `tsys_menu_role` (`role_code`, `menu_code`, `updater`, `update_datetime`, `remark`, `system_code`) values('CZWZJR201500000000000001','SM201707121615191759407','admin',now(),NULL,'CD-ZWZJ000012');
insert into `tsys_menu_role` (`role_code`, `menu_code`, `updater`, `update_datetime`, `remark`, `system_code`) values('CZWZJR201500000000000001','SM201707121615511165149','admin',now(),NULL,'CD-ZWZJ000012');
insert into `tsys_menu_role` (`role_code`, `menu_code`, `updater`, `update_datetime`, `remark`, `system_code`) values('CZWZJR201500000000000001','SM201707171328089711830','admin',now(),NULL,'CD-ZWZJ000012');
insert into `tsys_menu_role` (`role_code`, `menu_code`, `updater`, `update_datetime`, `remark`, `system_code`) values('CZWZJR201500000000000001','SM201707171407200313748','admin',now(),NULL,'CD-ZWZJ000012');
insert into `tsys_menu_role` (`role_code`, `menu_code`, `updater`, `update_datetime`, `remark`, `system_code`) values('CZWZJR201500000000000001','SM201707121616594653531','admin',now(),NULL,'CD-ZWZJ000012');
insert into `tsys_menu_role` (`role_code`, `menu_code`, `updater`, `update_datetime`, `remark`, `system_code`) values('CZWZJR201500000000000001','SM201707121617378551100','admin',now(),NULL,'CD-ZWZJ000012');
insert into `tsys_menu_role` (`role_code`, `menu_code`, `updater`, `update_datetime`, `remark`, `system_code`) values('CZWZJR201500000000000001','SM201707121618018226664','admin',now(),NULL,'CD-ZWZJ000012');
insert into `tsys_menu_role` (`role_code`, `menu_code`, `updater`, `update_datetime`, `remark`, `system_code`) values('CZWZJR201500000000000001','SM201707121618291486418','admin',now(),NULL,'CD-ZWZJ000012');
insert into `tsys_menu_role` (`role_code`, `menu_code`, `updater`, `update_datetime`, `remark`, `system_code`) values('CZWZJR201500000000000001','SM201707201418517318421','admin',now(),NULL,'CD-ZWZJ000012');
insert into `tsys_menu_role` (`role_code`, `menu_code`, `updater`, `update_datetime`, `remark`, `system_code`) values('CZWZJR201500000000000001','SM20170720141932784507','admin',now(),NULL,'CD-ZWZJ000012');
insert into `tsys_menu_role` (`role_code`, `menu_code`, `updater`, `update_datetime`, `remark`, `system_code`) values('CZWZJR201500000000000001','SM201707121716377229573','admin',now(),NULL,'CD-ZWZJ000012');
insert into `tsys_menu_role` (`role_code`, `menu_code`, `updater`, `update_datetime`, `remark`, `system_code`) values('CZWZJR201500000000000001','SM201707121721419435189','admin',now(),NULL,'CD-ZWZJ000012');
insert into `tsys_menu_role` (`role_code`, `menu_code`, `updater`, `update_datetime`, `remark`, `system_code`) values('CZWZJR201500000000000001','SM201707121724287114124','admin',now(),NULL,'CD-ZWZJ000012');
insert into `tsys_menu_role` (`role_code`, `menu_code`, `updater`, `update_datetime`, `remark`, `system_code`) values('CZWZJR201500000000000001','SM201707121724587224560','admin',now(),NULL,'CD-ZWZJ000012');
insert into `tsys_menu_role` (`role_code`, `menu_code`, `updater`, `update_datetime`, `remark`, `system_code`) values('CZWZJR201500000000000001','SM201707121725272247490','admin',now(),NULL,'CD-ZWZJ000012');
insert into `tsys_menu_role` (`role_code`, `menu_code`, `updater`, `update_datetime`, `remark`, `system_code`) values('CZWZJR201500000000000001','SM201707121726052406340','admin',now(),NULL,'CD-ZWZJ000012');
insert into `tsys_menu_role` (`role_code`, `menu_code`, `updater`, `update_datetime`, `remark`, `system_code`) values('CZWZJR201500000000000001','SM20170712172225623646','admin',now(),NULL,'CD-ZWZJ000012');
insert into `tsys_menu_role` (`role_code`, `menu_code`, `updater`, `update_datetime`, `remark`, `system_code`) values('CZWZJR201500000000000001','SM201707121726593272666','admin',now(),NULL,'CD-ZWZJ000012');
insert into `tsys_menu_role` (`role_code`, `menu_code`, `updater`, `update_datetime`, `remark`, `system_code`) values('CZWZJR201500000000000001','SM201707131128459177453','admin',now(),NULL,'CD-ZWZJ000012');
insert into `tsys_menu_role` (`role_code`, `menu_code`, `updater`, `update_datetime`, `remark`, `system_code`) values('CZWZJR201500000000000001','SM20170712172306919412','admin',now(),NULL,'CD-ZWZJ000012');
insert into `tsys_menu_role` (`role_code`, `menu_code`, `updater`, `update_datetime`, `remark`, `system_code`) values('CZWZJR201500000000000001','SM20170712172728602457','admin',now(),NULL,'CD-ZWZJ000012');
insert into `tsys_menu_role` (`role_code`, `menu_code`, `updater`, `update_datetime`, `remark`, `system_code`) values('CZWZJR201500000000000001','SM201707111336052541212','admin',now(),NULL,'CD-ZWZJ000012');
insert into `tsys_menu_role` (`role_code`, `menu_code`, `updater`, `update_datetime`, `remark`, `system_code`) values('CZWZJR201500000000000001','SM20170711133924603590','admin',now(),NULL,'CD-ZWZJ000012');
insert into `tsys_menu_role` (`role_code`, `menu_code`, `updater`, `update_datetime`, `remark`, `system_code`) values('CZWZJR201500000000000001','SM201707111340112739363','admin',now(),NULL,'CD-ZWZJ000012');
insert into `tsys_menu_role` (`role_code`, `menu_code`, `updater`, `update_datetime`, `remark`, `system_code`) values('CZWZJR201500000000000001','SM201707111346485537291','admin',now(),NULL,'CD-ZWZJ000012');
insert into `tsys_menu_role` (`role_code`, `menu_code`, `updater`, `update_datetime`, `remark`, `system_code`) values('CZWZJR201500000000000001','SM201707111348008936215','admin',now(),NULL,'CD-ZWZJ000012');
insert into `tsys_menu_role` (`role_code`, `menu_code`, `updater`, `update_datetime`, `remark`, `system_code`) values('CZWZJR201500000000000001','SM201707111348311861216','admin',now(),NULL,'CD-ZWZJ000012');
insert into `tsys_menu_role` (`role_code`, `menu_code`, `updater`, `update_datetime`, `remark`, `system_code`) values('CZWZJR201500000000000001','SM201707111349134062027','admin',now(),NULL,'CD-ZWZJ000012');
insert into `tsys_menu_role` (`role_code`, `menu_code`, `updater`, `update_datetime`, `remark`, `system_code`) values('CZWZJR201500000000000001','SM201707111359000518885','admin',now(),NULL,'CD-ZWZJ000012');
insert into `tsys_menu_role` (`role_code`, `menu_code`, `updater`, `update_datetime`, `remark`, `system_code`) values('CZWZJR201500000000000001','SM201707111359523916557','admin',now(),NULL,'CD-ZWZJ000012');
insert into `tsys_menu_role` (`role_code`, `menu_code`, `updater`, `update_datetime`, `remark`, `system_code`) values('CZWZJR201500000000000001','SM201707111400202575435','admin',now(),NULL,'CD-ZWZJ000012');
insert into `tsys_menu_role` (`role_code`, `menu_code`, `updater`, `update_datetime`, `remark`, `system_code`) values('CZWZJR201500000000000001','SM201707111400404222730','admin',now(),NULL,'CD-ZWZJ000012');
insert into `tsys_menu_role` (`role_code`, `menu_code`, `updater`, `update_datetime`, `remark`, `system_code`) values('CZWZJR201500000000000001','SM201707111401080619367','admin',now(),NULL,'CD-ZWZJ000012');
insert into `tsys_menu_role` (`role_code`, `menu_code`, `updater`, `update_datetime`, `remark`, `system_code`) values('CZWZJR201500000000000001','SM201707111357271317112','admin',now(),NULL,'CD-ZWZJ000012');
insert into `tsys_menu_role` (`role_code`, `menu_code`, `updater`, `update_datetime`, `remark`, `system_code`) values('CZWZJR201500000000000001','SM201707111415383607937','admin',now(),NULL,'CD-ZWZJ000012');
insert into `tsys_menu_role` (`role_code`, `menu_code`, `updater`, `update_datetime`, `remark`, `system_code`) values('CZWZJR201500000000000001','SM201707111415577507769','admin',now(),NULL,'CD-ZWZJ000012');
insert into `tsys_menu_role` (`role_code`, `menu_code`, `updater`, `update_datetime`, `remark`, `system_code`) values('CZWZJR201500000000000001','SM201707111419225912829','admin',now(),NULL,'CD-ZWZJ000012');
insert into `tsys_menu_role` (`role_code`, `menu_code`, `updater`, `update_datetime`, `remark`, `system_code`) values('CZWZJR201500000000000001','SM201707111419550104022','admin',now(),NULL,'CD-ZWZJ000012');
insert into `tsys_menu_role` (`role_code`, `menu_code`, `updater`, `update_datetime`, `remark`, `system_code`) values('CZWZJR201500000000000001','SM201707111422259326789','admin',now(),NULL,'CD-ZWZJ000012');
insert into `tsys_menu_role` (`role_code`, `menu_code`, `updater`, `update_datetime`, `remark`, `system_code`) values('CZWZJR201500000000000001','SM201707111422551692788','admin',now(),NULL,'CD-ZWZJ000012');
insert into `tsys_menu_role` (`role_code`, `menu_code`, `updater`, `update_datetime`, `remark`, `system_code`) values('CZWZJR201500000000000001','SM201707111423153806551','admin',now(),NULL,'CD-ZWZJ000012');
insert into `tsys_menu_role` (`role_code`, `menu_code`, `updater`, `update_datetime`, `remark`, `system_code`) values('CZWZJR201500000000000001','SM20170711142341641831','admin',now(),NULL,'CD-ZWZJ000012');
insert into `tsys_menu_role` (`role_code`, `menu_code`, `updater`, `update_datetime`, `remark`, `system_code`) values('CZWZJR201500000000000001','SM201707111420399391750','admin',now(),NULL,'CD-ZWZJ000012');
insert into `tsys_menu_role` (`role_code`, `menu_code`, `updater`, `update_datetime`, `remark`, `system_code`) values('CZWZJR201500000000000001','SM201707111424042801857','admin',now(),NULL,'CD-ZWZJ000012');
insert into `tsys_menu_role` (`role_code`, `menu_code`, `updater`, `update_datetime`, `remark`, `system_code`) values('CZWZJR201500000000000001','SM201707111424300391613','admin',now(),NULL,'CD-ZWZJ000012');
insert into `tsys_menu_role` (`role_code`, `menu_code`, `updater`, `update_datetime`, `remark`, `system_code`) values('CZWZJR201500000000000001','SM201707201539525922717','admin',now(),NULL,'CD-ZWZJ000012');
insert into `tsys_menu_role` (`role_code`, `menu_code`, `updater`, `update_datetime`, `remark`, `system_code`) values('CZWZJR201500000000000001','SM201707201540203497299','admin',now(),NULL,'CD-ZWZJ000012');
insert into `tsys_menu_role` (`role_code`, `menu_code`, `updater`, `update_datetime`, `remark`, `system_code`) values('CZWZJR201500000000000001','SM201707121005409843365','admin',now(),NULL,'CD-ZWZJ000012');
insert into `tsys_menu_role` (`role_code`, `menu_code`, `updater`, `update_datetime`, `remark`, `system_code`) values('CZWZJR201500000000000001','SM201707121027309326475','admin',now(),NULL,'CD-ZWZJ000012');
insert into `tsys_menu_role` (`role_code`, `menu_code`, `updater`, `update_datetime`, `remark`, `system_code`) values('CZWZJR201500000000000001','SM201707121111309097296','admin',now(),NULL,'CD-ZWZJ000012');
insert into `tsys_menu_role` (`role_code`, `menu_code`, `updater`, `update_datetime`, `remark`, `system_code`) values('CZWZJR201500000000000001','SM20170712103057482773','admin',now(),NULL,'CD-ZWZJ000012');
insert into `tsys_menu_role` (`role_code`, `menu_code`, `updater`, `update_datetime`, `remark`, `system_code`) values('CZWZJR201500000000000001','SM201707121107360648481','admin',now(),NULL,'CD-ZWZJ000012');
insert into `tsys_menu_role` (`role_code`, `menu_code`, `updater`, `update_datetime`, `remark`, `system_code`) values('CZWZJR201500000000000001','SM201707121108287904948','admin',now(),NULL,'CD-ZWZJ000012');
insert into `tsys_menu_role` (`role_code`, `menu_code`, `updater`, `update_datetime`, `remark`, `system_code`) values('CZWZJR201500000000000001','SM201707121033009191401','admin',now(),NULL,'CD-ZWZJ000012');
insert into `tsys_menu_role` (`role_code`, `menu_code`, `updater`, `update_datetime`, `remark`, `system_code`) values('CZWZJR201500000000000001','SM201707121039500714945','admin',now(),NULL,'CD-ZWZJ000012');
insert into `tsys_menu_role` (`role_code`, `menu_code`, `updater`, `update_datetime`, `remark`, `system_code`) values('CZWZJR201500000000000001','SM201707121334081716162','admin',now(),NULL,'CD-ZWZJ000012');
insert into `tsys_menu_role` (`role_code`, `menu_code`, `updater`, `update_datetime`, `remark`, `system_code`) values('CZWZJR201500000000000001','SM201707121334394024468','admin',now(),NULL,'CD-ZWZJ000012');
insert into `tsys_menu_role` (`role_code`, `menu_code`, `updater`, `update_datetime`, `remark`, `system_code`) values('CZWZJR201500000000000001','SM201707121047080136758','admin',now(),NULL,'CD-ZWZJ000012');
insert into `tsys_menu_role` (`role_code`, `menu_code`, `updater`, `update_datetime`, `remark`, `system_code`) values('CZWZJR201500000000000001','SM201707121122146682273','admin',now(),NULL,'CD-ZWZJ000012');
insert into `tsys_menu_role` (`role_code`, `menu_code`, `updater`, `update_datetime`, `remark`, `system_code`) values('CZWZJR201500000000000001','SM20170712112257280829','admin',now(),NULL,'CD-ZWZJ000012');
insert into `tsys_menu_role` (`role_code`, `menu_code`, `updater`, `update_datetime`, `remark`, `system_code`) values('CZWZJR201500000000000001','SM201707111336255931673','admin',now(),NULL,'CD-ZWZJ000012');
insert into `tsys_menu_role` (`role_code`, `menu_code`, `updater`, `update_datetime`, `remark`, `system_code`) values('CZWZJR201500000000000001','SM20170711145619944501','admin',now(),NULL,'CD-ZWZJ000012');
insert into `tsys_menu_role` (`role_code`, `menu_code`, `updater`, `update_datetime`, `remark`, `system_code`) values('CZWZJR201500000000000001','SM201707111456576613106','admin',now(),NULL,'CD-ZWZJ000012');
insert into `tsys_menu_role` (`role_code`, `menu_code`, `updater`, `update_datetime`, `remark`, `system_code`) values('CZWZJR201500000000000001','SM201707111458173775610','admin',now(),NULL,'CD-ZWZJ000012');
insert into `tsys_menu_role` (`role_code`, `menu_code`, `updater`, `update_datetime`, `remark`, `system_code`) values('CZWZJR201500000000000001','SM201707111458534889013','admin',now(),NULL,'CD-ZWZJ000012');
insert into `tsys_menu_role` (`role_code`, `menu_code`, `updater`, `update_datetime`, `remark`, `system_code`) values('CZWZJR201500000000000001','SM201707111459335394813','admin',now(),NULL,'CD-ZWZJ000012');
insert into `tsys_menu_role` (`role_code`, `menu_code`, `updater`, `update_datetime`, `remark`, `system_code`) values('CZWZJR201500000000000001','SM201707111459563074663','admin',now(),NULL,'CD-ZWZJ000012');
insert into `tsys_menu_role` (`role_code`, `menu_code`, `updater`, `update_datetime`, `remark`, `system_code`) values('CZWZJR201500000000000001','SM201707111505003303829','admin',now(),NULL,'CD-ZWZJ000012');
insert into `tsys_menu_role` (`role_code`, `menu_code`, `updater`, `update_datetime`, `remark`, `system_code`) values('CZWZJR201500000000000001','SM201707111505374506304','admin',now(),NULL,'CD-ZWZJ000012');
insert into `tsys_menu_role` (`role_code`, `menu_code`, `updater`, `update_datetime`, `remark`, `system_code`) values('CZWZJR201500000000000001','SM201707111506515164370','admin',now(),NULL,'CD-ZWZJ000012');
insert into `tsys_menu_role` (`role_code`, `menu_code`, `updater`, `update_datetime`, `remark`, `system_code`) values('CZWZJR201500000000000001','SM201707111507435457357','admin',now(),NULL,'CD-ZWZJ000012');
insert into `tsys_menu_role` (`role_code`, `menu_code`, `updater`, `update_datetime`, `remark`, `system_code`) values('CZWZJR201500000000000001','SM201707111513539464895','admin',now(),NULL,'CD-ZWZJ000012');
insert into `tsys_menu_role` (`role_code`, `menu_code`, `updater`, `update_datetime`, `remark`, `system_code`) values('CZWZJR201500000000000001','SM201707111515354493479','admin',now(),NULL,'CD-ZWZJ000012');
insert into `tsys_menu_role` (`role_code`, `menu_code`, `updater`, `update_datetime`, `remark`, `system_code`) values('CZWZJR201500000000000001','SM20170711151431000758','admin',now(),NULL,'CD-ZWZJ000012');
insert into `tsys_menu_role` (`role_code`, `menu_code`, `updater`, `update_datetime`, `remark`, `system_code`) values('CZWZJR201500000000000001','SM201707111516454577422','admin',now(),NULL,'CD-ZWZJ000012');
insert into `tsys_menu_role` (`role_code`, `menu_code`, `updater`, `update_datetime`, `remark`, `system_code`) values('CZWZJR201500000000000001','SM201707111517152902424','admin',now(),NULL,'CD-ZWZJ000012');
insert into `tsys_menu_role` (`role_code`, `menu_code`, `updater`, `update_datetime`, `remark`, `system_code`) values('CZWZJR201500000000000001','SM201707111517406964856','admin',now(),NULL,'CD-ZWZJ000012');
insert into `tsys_menu_role` (`role_code`, `menu_code`, `updater`, `update_datetime`, `remark`, `system_code`) values('CZWZJR201500000000000001','SM201707111622177862330','admin',now(),NULL,'CD-ZWZJ000012');
insert into `tsys_menu_role` (`role_code`, `menu_code`, `updater`, `update_datetime`, `remark`, `system_code`) values('CZWZJR201500000000000001','SM201707111624022926809','admin',now(),NULL,'CD-ZWZJ000012');
insert into `tsys_menu_role` (`role_code`, `menu_code`, `updater`, `update_datetime`, `remark`, `system_code`) values('CZWZJR201500000000000001','SM201707111625045141608','admin',now(),NULL,'CD-ZWZJ000012');
insert into `tsys_menu_role` (`role_code`, `menu_code`, `updater`, `update_datetime`, `remark`, `system_code`) values('CZWZJR201500000000000001','SM201707111625335625874','admin',now(),NULL,'CD-ZWZJ000012');
insert into `tsys_menu_role` (`role_code`, `menu_code`, `updater`, `update_datetime`, `remark`, `system_code`) values('CZWZJR201500000000000001','SM201707111626049257253','admin',now(),NULL,'CD-ZWZJ000012');



insert into `tsys_dict` (`type`, `parent_key`, `dkey`, `dvalue`, `updater`, `update_datetime`, `remark`, `system_code`) values('0','','msg_status','消息状态','admin',now(),'','CD-ZWZJ000012');
insert into `tsys_dict` (`type`, `parent_key`, `dkey`, `dvalue`, `updater`, `update_datetime`, `remark`, `system_code`) values('1','msg_status','0','未发布','admin',now(),'','CD-ZWZJ000012');
insert into `tsys_dict` (`type`, `parent_key`, `dkey`, `dvalue`, `updater`, `update_datetime`, `remark`, `system_code`) values('1','msg_status','1','已发布','admin',now(),'','CD-ZWZJ000012');
insert into `tsys_dict` (`type`, `parent_key`, `dkey`, `dvalue`, `updater`, `update_datetime`, `remark`, `system_code`) values('1','msg_status','2','已下架','admin',now(),'','CD-ZWZJ000012');
insert into `tsys_dict` (`type`, `parent_key`, `dkey`, `dvalue`, `updater`, `update_datetime`, `remark`, `system_code`) values('0','','user_kind','针对人群','admin',now(),'','CD-ZWZJ000012');
insert into `tsys_dict` (`type`, `parent_key`, `dkey`, `dvalue`, `updater`, `update_datetime`, `remark`, `system_code`) values('1','user_kind','1','C端用户','admin',now(),'','CD-ZWZJ000012');
insert into `tsys_dict` (`type`, `parent_key`, `dkey`, `dvalue`, `updater`, `update_datetime`, `remark`, `system_code`) values('1','user_kind','2','B端用户','admin',now(),'','CD-ZWZJ000012');
insert into `tsys_dict` (`type`, `parent_key`, `dkey`, `dvalue`, `updater`, `update_datetime`, `remark`, `system_code`) values('0','','notice_status','公告状态','admin',now(),'','CD-ZWZJ000012');
insert into `tsys_dict` (`type`, `parent_key`, `dkey`, `dvalue`, `updater`, `update_datetime`, `remark`, `system_code`) values('1','notice_status','0','未发布','admin',now(),'','CD-ZWZJ000012');
insert into `tsys_dict` (`type`, `parent_key`, `dkey`, `dvalue`, `updater`, `update_datetime`, `remark`, `system_code`) values('1','notice_status','1','已发布','admin',now(),'','CD-ZWZJ000012');
insert into `tsys_dict` (`type`, `parent_key`, `dkey`, `dvalue`, `updater`, `update_datetime`, `remark`, `system_code`) values('1','notice_status','2','已下架','admin',now(),'','CD-ZWZJ000012');
insert into `tsys_dict` (`type`, `parent_key`, `dkey`, `dvalue`, `updater`, `update_datetime`, `remark`, `system_code`) values('0','','user_status','用户状态','admin',now(),NULL,'CD-ZWZJ000012');
insert into `tsys_dict` (`type`, `parent_key`, `dkey`, `dvalue`, `updater`, `update_datetime`, `remark`, `system_code`) values('1','user_status','0','正常','admin',now(),NULL,'CD-ZWZJ000012');
insert into `tsys_dict` (`type`, `parent_key`, `dkey`, `dvalue`, `updater`, `update_datetime`, `remark`, `system_code`) values('1','user_status','1','程序锁定','admin',now(),NULL,'CD-ZWZJ000012');
insert into `tsys_dict` (`type`, `parent_key`, `dkey`, `dvalue`, `updater`, `update_datetime`, `remark`, `system_code`) values('1','user_status','2','人工锁定','admin',now(),NULL,'CD-ZWZJ000012');
insert into `tsys_dict` (`type`, `parent_key`, `dkey`, `dvalue`, `updater`, `update_datetime`, `remark`, `system_code`) values('0','','id_kind','证件类型','admin',now(),NULL,'CD-ZWZJ000012');
insert into `tsys_dict` (`type`, `parent_key`, `dkey`, `dvalue`, `updater`, `update_datetime`, `remark`, `system_code`) values('1','id_kind','1','身份证','admin',now(),NULL,'CD-ZWZJ000012');
insert into `tsys_dict` (`type`, `parent_key`, `dkey`, `dvalue`, `updater`, `update_datetime`, `remark`, `system_code`) values('0','','role_level','角色等级','admin',now(),NULL,'CD-ZWZJ000012');
insert into `tsys_dict` (`type`, `parent_key`, `dkey`, `dvalue`, `updater`, `update_datetime`, `remark`, `system_code`) values('1','role_level','1','运维','admin',now(),NULL,'CD-ZWZJ000012');
insert into `tsys_dict` (`type`, `parent_key`, `dkey`, `dvalue`, `updater`, `update_datetime`, `remark`, `system_code`) values('1','role_level','2','运营','admin',now(),NULL,'CD-ZWZJ000012');
insert into `tsys_dict` (`type`, `parent_key`, `dkey`, `dvalue`, `updater`, `update_datetime`, `remark`, `system_code`) values('1','role_level','3','客户','admin',now(),NULL,'CD-ZWZJ000012');
insert into `tsys_dict` (`type`, `parent_key`, `dkey`, `dvalue`, `updater`, `update_datetime`, `remark`, `system_code`) values('0',NULL,'comment_status','评论状态','admin',now(),NULL,'CD-ZWZJ000012');
insert into `tsys_dict` (`type`, `parent_key`, `dkey`, `dvalue`, `updater`, `update_datetime`, `remark`, `system_code`) values('1','comment_status','A','已发布','admin',now(),NULL,'CD-ZWZJ000012');
insert into `tsys_dict` (`type`, `parent_key`, `dkey`, `dvalue`, `updater`, `update_datetime`, `remark`, `system_code`) values('1','comment_status','B','审批通过','admin',now(),NULL,'CD-ZWZJ000012');
insert into `tsys_dict` (`type`, `parent_key`, `dkey`, `dvalue`, `updater`, `update_datetime`, `remark`, `system_code`) values('1','comment_status','C','审批不通过','admin',now(),NULL,'CD-ZWZJ000012');
insert into `tsys_dict` (`type`, `parent_key`, `dkey`, `dvalue`, `updater`, `update_datetime`, `remark`, `system_code`) values('1','comment_status','D','被过滤','admin',now(),NULL,'CD-ZWZJ000012');
insert into `tsys_dict` (`type`, `parent_key`, `dkey`, `dvalue`, `updater`, `update_datetime`, `remark`, `system_code`) values('0',NULL,'active_status','活动/团课状态','admin',now(),NULL,'CD-ZWZJ000012');
insert into `tsys_dict` (`type`, `parent_key`, `dkey`, `dvalue`, `updater`, `update_datetime`, `remark`, `system_code`) values('1','active_status','0','草稿','admin',now(),NULL,'CD-ZWZJ000012');
insert into `tsys_dict` (`type`, `parent_key`, `dkey`, `dvalue`, `updater`, `update_datetime`, `remark`, `system_code`) values('1','active_status','1','上架','admin',now(),NULL,'CD-ZWZJ000012');
insert into `tsys_dict` (`type`, `parent_key`, `dkey`, `dvalue`, `updater`, `update_datetime`, `remark`, `system_code`) values('1','active_status','2','提前截止','admin',now(),NULL,'CD-ZWZJ000012');
insert into `tsys_dict` (`type`, `parent_key`, `dkey`, `dvalue`, `updater`, `update_datetime`, `remark`, `system_code`) values('1','active_status','3','下架','admin',now(),NULL,'CD-ZWZJ000012');
insert into `tsys_dict` (`type`, `parent_key`, `dkey`, `dvalue`, `updater`, `update_datetime`, `remark`, `system_code`) values('0',NULL,'ui_location','UI位置','admin',now(),NULL,'CD-ZWZJ000012');
insert into `tsys_dict` (`type`, `parent_key`, `dkey`, `dvalue`, `updater`, `update_datetime`, `remark`, `system_code`) values('1','ui_location','1','热门','admin',now(),NULL,'CD-ZWZJ000012');
insert into `tsys_dict` (`type`, `parent_key`, `dkey`, `dvalue`, `updater`, `update_datetime`, `remark`, `system_code`) values('1','ui_location','0','普通','admin',now(),NULL,'CD-ZWZJ000012');
insert into `tsys_dict` (`type`, `parent_key`, `dkey`, `dvalue`, `updater`, `update_datetime`, `remark`, `system_code`) values('0','','courseOrder_status','团课订单状态','admin',now(),'','CD-ZWZJ000012');
insert into `tsys_dict` (`type`, `parent_key`, `dkey`, `dvalue`, `updater`, `update_datetime`, `remark`, `system_code`) values('1','courseOrder_status','0','未支付','admin',now(),'','CD-ZWZJ000012');
insert into `tsys_dict` (`type`, `parent_key`, `dkey`, `dvalue`, `updater`, `update_datetime`, `remark`, `system_code`) values('1','courseOrder_status','1','已支付','admin',now(),'','CD-ZWZJ000012');
insert into `tsys_dict` (`type`, `parent_key`, `dkey`, `dvalue`, `updater`, `update_datetime`, `remark`, `system_code`) values('1','courseOrder_status','2','用户取消订单','admin',now(),'','CD-ZWZJ000012');
insert into `tsys_dict` (`type`, `parent_key`, `dkey`, `dvalue`, `updater`, `update_datetime`, `remark`, `system_code`) values('1','courseOrder_status','3','平台取消订单','admin',now(),'','CD-ZWZJ000012');
insert into `tsys_dict` (`type`, `parent_key`, `dkey`, `dvalue`, `updater`, `update_datetime`, `remark`, `system_code`) values('1','courseOrder_status','4','申请退款','admin',now(),'','CD-ZWZJ000012');
insert into `tsys_dict` (`type`, `parent_key`, `dkey`, `dvalue`, `updater`, `update_datetime`, `remark`, `system_code`) values('1','courseOrder_status','5','退款成功','admin',now(),'','CD-ZWZJ000012');
insert into `tsys_dict` (`type`, `parent_key`, `dkey`, `dvalue`, `updater`, `update_datetime`, `remark`, `system_code`) values('1','courseOrder_status','6','退款失败','admin',now(),'','CD-ZWZJ000012');
insert into `tsys_dict` (`type`, `parent_key`, `dkey`, `dvalue`, `updater`, `update_datetime`, `remark`, `system_code`) values('0',NULL,'pCourse_status','私教状态','admin',now(),NULL,'CD-ZWZJ000012');
insert into `tsys_dict` (`type`, `parent_key`, `dkey`, `dvalue`, `updater`, `update_datetime`, `remark`, `system_code`) values('1','pCourse_status','0','待审批','admin',now(),NULL,'CD-ZWZJ000012');
insert into `tsys_dict` (`type`, `parent_key`, `dkey`, `dvalue`, `updater`, `update_datetime`, `remark`, `system_code`) values('1','pCourse_status','1','审批通过','admin',now(),NULL,'CD-ZWZJ000012');
insert into `tsys_dict` (`type`, `parent_key`, `dkey`, `dvalue`, `updater`, `update_datetime`, `remark`, `system_code`) values('1','pCourse_status','2','审批不通过','admin',now(),NULL,'CD-ZWZJ000012');
insert into `tsys_dict` (`type`, `parent_key`, `dkey`, `dvalue`, `updater`, `update_datetime`, `remark`, `system_code`) values('0','','pOrder_status','私课订单状态','admin',now(),'','CD-ZWZJ000012');
insert into `tsys_dict` (`type`, `parent_key`, `dkey`, `dvalue`, `updater`, `update_datetime`, `remark`, `system_code`) values('1','pOrder_status','0','未支付','admin',now(),'','CD-ZWZJ000012');
insert into `tsys_dict` (`type`, `parent_key`, `dkey`, `dvalue`, `updater`, `update_datetime`, `remark`, `system_code`) values('1','pOrder_status','1','付款成功','admin',now(),'','CD-ZWZJ000012');
insert into `tsys_dict` (`type`, `parent_key`, `dkey`, `dvalue`, `updater`, `update_datetime`, `remark`, `system_code`) values('1','pOrder_status','2','已接单','admin',now(),'','CD-ZWZJ000012');
insert into `tsys_dict` (`type`, `parent_key`, `dkey`, `dvalue`, `updater`, `update_datetime`, `remark`, `system_code`) values('1','pOrder_status','3','上课','admin',now(),'','CD-ZWZJ000012');
insert into `tsys_dict` (`type`, `parent_key`, `dkey`, `dvalue`, `updater`, `update_datetime`, `remark`, `system_code`) values('1','pOrder_status','4','下课','admin',now(),'','CD-ZWZJ000012');
insert into `tsys_dict` (`type`, `parent_key`, `dkey`, `dvalue`, `updater`, `update_datetime`, `remark`, `system_code`) values('1','pOrder_status','5','用户取消','admin',now(),'','CD-ZWZJ000012');
insert into `tsys_dict` (`type`, `parent_key`, `dkey`, `dvalue`, `updater`, `update_datetime`, `remark`, `system_code`) values('1','pOrder_status','6','平台取消','admin',now(),'','CD-ZWZJ000012');
insert into `tsys_dict` (`type`, `parent_key`, `dkey`, `dvalue`, `updater`, `update_datetime`, `remark`, `system_code`) values('0','','acOrder_status','活动订单状态','admin',now(),NULL,'CD-ZWZJ000012');
insert into `tsys_dict` (`type`, `parent_key`, `dkey`, `dvalue`, `updater`, `update_datetime`, `remark`, `system_code`) values('1','acOrder_status','1','付款成功','admin',now(),NULL,'CD-ZWZJ000012');
insert into `tsys_dict` (`type`, `parent_key`, `dkey`, `dvalue`, `updater`, `update_datetime`, `remark`, `system_code`) values('1','acOrder_status','2','用户取消订单','admin',now(),NULL,'CD-ZWZJ000012');
insert into `tsys_dict` (`type`, `parent_key`, `dkey`, `dvalue`, `updater`, `update_datetime`, `remark`, `system_code`) values('1','acOrder_status','3','平台取消订单','admin',now(),NULL,'CD-ZWZJ000012');
insert into `tsys_dict` (`type`, `parent_key`, `dkey`, `dvalue`, `updater`, `update_datetime`, `remark`, `system_code`) values('1','acOrder_status','4','退款申请','admin',now(),NULL,'CD-ZWZJ000012');
insert into `tsys_dict` (`type`, `parent_key`, `dkey`, `dvalue`, `updater`, `update_datetime`, `remark`, `system_code`) values('1','acOrder_status','5','退款成功 ','admin',now(),NULL,'CD-ZWZJ000012');
insert into `tsys_dict` (`type`, `parent_key`, `dkey`, `dvalue`, `updater`, `update_datetime`, `remark`, `system_code`) values('1','acOrder_status','6','退款失败','admin',now(),NULL,'CD-ZWZJ000012');
insert into `tsys_dict` (`type`, `parent_key`, `dkey`, `dvalue`, `updater`, `update_datetime`, `remark`, `system_code`) values('1','acOrder_status','7','已完成','admin',now(),NULL,'CD-ZWZJ000012');
insert into `tsys_dict` (`type`, `parent_key`, `dkey`, `dvalue`, `updater`, `update_datetime`, `remark`, `system_code`) values('1','acOrder_status','0','待付款','admin',now(),NULL,'CD-ZWZJ000012');
insert into `tsys_dict` (`type`, `parent_key`, `dkey`, `dvalue`, `updater`, `update_datetime`, `remark`, `system_code`) values('0','','label_kind','私教标签类型','admin',now(),NULL,'CD-ZWZJ000012');
insert into `tsys_dict` (`type`, `parent_key`, `dkey`, `dvalue`, `updater`, `update_datetime`, `remark`, `system_code`) values('1','label_kind','1','态度好','admin',now(),NULL,'CD-ZWZJ000012');
insert into `tsys_dict` (`type`, `parent_key`, `dkey`, `dvalue`, `updater`, `update_datetime`, `remark`, `system_code`) values('1','label_kind','2','上课认真','admin',now(),NULL,'CD-ZWZJ000012');
insert into `tsys_dict` (`type`, `parent_key`, `dkey`, `dvalue`, `updater`, `update_datetime`, `remark`, `system_code`) values('1','label_kind','3','大帅哥','admin',now(),NULL,'CD-ZWZJ000012');
insert into `tsys_dict` (`type`, `parent_key`, `dkey`, `dvalue`, `updater`, `update_datetime`, `remark`, `system_code`) values('1','label_kind','4','美女','admin',now(),NULL,'CD-ZWZJ000012');
insert into `tsys_dict` (`type`, `parent_key`, `dkey`, `dvalue`, `updater`, `update_datetime`, `remark`, `system_code`) values('1','label_kind','5','有创新思维','admin',now(),NULL,'CD-ZWZJ000012');
insert into `tsys_dict` (`type`, `parent_key`, `dkey`, `dvalue`, `updater`, `update_datetime`, `remark`, `system_code`) values('1','label_kind','6','阳光开朗','admin',now(),NULL,'CD-ZWZJ000012');
insert into `tsys_dict` (`type`, `parent_key`, `dkey`, `dvalue`, `updater`, `update_datetime`, `remark`, `system_code`) values('1','label_kind','7','成熟知性','admin',now(),NULL,'CD-ZWZJ000012');
insert into `tsys_dict` (`type`, `parent_key`, `dkey`, `dvalue`, `updater`, `update_datetime`, `remark`, `system_code`) values('1','label_kind','0','热情稳重','admin',now(),NULL,'CD-ZWZJ000012');
insert into `tsys_dict` (`type`, `parent_key`, `dkey`, `dvalue`, `updater`, `update_datetime`, `remark`, `system_code`) values('0','','course_status','团课状态','admin',now(),'','CD-ZWZJ000012');
insert into `tsys_dict` (`type`, `parent_key`, `dkey`, `dvalue`, `updater`, `update_datetime`, `remark`, `system_code`) values('1','course_status','0','草稿','admin',now(),'','CD-ZWZJ000012');
insert into `tsys_dict` (`type`, `parent_key`, `dkey`, `dvalue`, `updater`, `update_datetime`, `remark`, `system_code`) values('1','course_status','1','上架','admin',now(),'','CD-ZWZJ000012');
insert into `tsys_dict` (`type`, `parent_key`, `dkey`, `dvalue`, `updater`, `update_datetime`, `remark`, `system_code`) values('1','course_status','2','截止报名','admin',now(),'','CD-ZWZJ000012');
insert into `tsys_dict` (`type`, `parent_key`, `dkey`, `dvalue`, `updater`, `update_datetime`, `remark`, `system_code`) values('1','course_status','3','下架','admin',now(),'','CD-ZWZJ000012');
insert into `tsys_dict` (`type`, `parent_key`, `dkey`, `dvalue`, `updater`, `update_datetime`, `remark`, `system_code`) values('1','courseOrder_status','7','待评价','admin',now(),'','CD-ZWZJ000012');
insert into `tsys_dict` (`type`, `parent_key`, `dkey`, `dvalue`, `updater`, `update_datetime`, `remark`, `system_code`) values('1','courseOrder_status','8','已完成','admin',now(),'','CD-ZWZJ000012');
insert into `tsys_dict` (`type`, `parent_key`, `dkey`, `dvalue`, `updater`, `update_datetime`, `remark`, `system_code`) values('1','pOrder_status','7','已完成','admin',now(),NULL,'CD-ZWZJ000012');


insert into `tsys_config` (`type`, `ckey`, `cvalue`, `note`, `updater`, `update_datetime`, `remark`, `company_code`, `system_code`) values(NULL,'aboutus','关于我们','<p>自玩自健关于我们</p><p><br></p>','admin',now(),NULL,'CD-ZWZJ000012','CD-ZWZJ000012');
insert into `tsys_config` (`type`, `ckey`, `cvalue`, `note`, `updater`, `update_datetime`, `remark`, `company_code`, `system_code`) values(NULL,'serviceTime','服务时间','9:30-21:30','admin',now(),NULL,'CD-ZWZJ000012','CD-ZWZJ000012');
insert into `tsys_config` (`type`, `ckey`, `cvalue`, `note`, `updater`, `update_datetime`, `remark`, `company_code`, `system_code`) values(NULL,'telephone','服务热线','0571-86162013','admin',now(),NULL,'CD-ZWZJ000012','CD-ZWZJ000012');
insert into `tsys_config` (`type`, `ckey`, `cvalue`, `note`, `updater`, `update_datetime`, `remark`, `company_code`, `system_code`) values('1','regAddJf','1','自玩自健C端用户注册送积分','admin',now(),NULL,'CD-ZWZJ000012','CD-ZWZJ000012');
insert into `tsys_config` (`type`, `ckey`, `cvalue`, `note`, `updater`, `update_datetime`, `remark`, `company_code`, `system_code`) values(NULL,'BUSERQXFL','提现手续费率','0.005','admin',now(),NULL,'CD-ZWZJ000012','CD-ZWZJ000012');



insert into `tstd_cpassword` (`code`, `type`, `account`, `password`, `remark`, `company_code`, `system_code`) values('zwzj001','2','ACCESS_KEY','EDwp_G4S-dbWdLUAVqdYciXvjTe2f8nC3X9mGAP3',NULL,'CD-ZWZJ000012','CD-ZWZJ000012');
insert into `tstd_cpassword` (`code`, `type`, `account`, `password`, `remark`, `company_code`, `system_code`) values('zwzj002','2','SECRET_KEY','ZxFAZFxZ_FDataELWdzsfiZzXu6Snu6RakO1sib7',NULL,'CD-ZWZJ000012','CD-ZWZJ000012');
insert into `tstd_cpassword` (`code`, `type`, `account`, `password`, `remark`, `company_code`, `system_code`) values('zwzj003','2','bucket','yaocheng',NULL,'CD-ZWZJ000012','CD-ZWZJ000012');
insert into `tstd_cpassword` (`code`, `type`, `account`, `password`, `remark`, `company_code`, `system_code`) values('zwzj004','3','ACCESS_KEY','wx9b874d991d7e50d5',NULL,'CD-ZWZJ000012','CD-ZWZJ000012');
insert into `tstd_cpassword` (`code`, `type`, `account`, `password`, `remark`, `company_code`, `system_code`) values('zwzj005','3','SECRET_KEY','aa1832cf32722e0fb977a6c9f6aafa20',NULL,'CD-ZWZJ000012','CD-ZWZJ000012');


