


insert into `tstd_user` (`user_id`, `login_name`, `nickname`, `login_pwd`, `login_pwd_strength`, `kind`, `level`, `user_referee`, `mobile`, `id_kind`, `id_no`, `real_name`, `trade_pwd`, `trade_pwd_strength`, `role_code`, `status`, `pdf`, `amount`, `lj_amount`, `company_code`, `open_id`, `jpush_id`, `updater`, `update_datetime`, `remark`, `system_code`) values('CSWU201600000000000000','admin',NULL,'21218cca77804d2ba1922c33e0151105','1','01','0','','','','','','21218cca77804d2ba1922c33e0151105','1','CSWSR201600000000000000','0',NULL,'0','0',NULL,NULL,NULL,'admin','2017-04-05 20:05:50','管理端系统方','CD-CCSW000008');


insert into `tstd_rule` (`code`, `kind`, `type`, `level`, `value`, `updater`, `update_datetime`, `remark`, `system_code`) values('1001','1','A','0','5000','admin',now(),'注册','CD-CCSW000008');
insert into `tstd_rule` (`code`, `kind`, `type`, `level`, `value`, `updater`, `update_datetime`, `remark`, `system_code`) values('1002','1','B','0','1000','admin',now(),'每日签到','CD-CCSW000008');
insert into `tstd_rule` (`code`, `kind`, `type`, `level`, `value`, `updater`, `update_datetime`, `remark`, `system_code`) values('1003','1','C1','0','2000','admin',now(),'上传头像','CD-CCSW000008');
insert into `tstd_rule` (`code`, `kind`, `type`, `level`, `value`, `updater`, `update_datetime`, `remark`, `system_code`) values('1004','1','C2','0','2000','admin',now(),'资料完善','CD-CCSW000008');
insert into `tstd_rule` (`code`, `kind`, `type`, `level`, `value`, `updater`, `update_datetime`, `remark`, `system_code`) values('1005','1','D','0','2000','admin',now(),'发布帖子','CD-CCSW000008');
insert into `tstd_rule` (`code`, `kind`, `type`, `level`, `value`, `updater`, `update_datetime`, `remark`, `system_code`) values('1006','1','E','0','1000','admin',now(),'发布评论','CD-CCSW000008');
insert into `tstd_rule` (`code`, `kind`, `type`, `level`, `value`, `updater`, `update_datetime`, `remark`, `system_code`) values('1007','1','F','0','1000','admin',now(),'设置精华帖','CD-CCSW000008');
insert into `tstd_rule` (`code`, `kind`, `type`, `level`, `value`, `updater`, `update_datetime`, `remark`, `system_code`) values('1008','1','G','0','1000','admin',now(),'帖子违规','CD-CCSW000008');
insert into `tstd_rule` (`code`, `kind`, `type`, `level`, `value`, `updater`, `update_datetime`, `remark`, `system_code`) values('1009','1','H','0','1000','admin',now(),'评论违规','CD-CCSW000008');
insert into `tstd_rule` (`code`, `kind`, `type`, `level`, `value`, `updater`, `update_datetime`, `remark`, `system_code`) values('119','2',NULL,'1','1','admin',now(),'被举报次数','CD-CCSW000008');
insert into `tstd_rule` (`code`, `kind`, `type`, `level`, `value`, `updater`, `update_datetime`, `remark`, `system_code`) values('121','2',NULL,'2','5','admin',now(),'被举报次数','CD-CCSW000008');
insert into `tstd_rule` (`code`, `kind`, `type`, `level`, `value`, `updater`, `update_datetime`, `remark`, `system_code`) values('123','2',NULL,'3','10','admin',now(),'被举报次数','CD-CCSW000008');
insert into `tstd_rule` (`code`, `kind`, `type`, `level`, `value`, `updater`, `update_datetime`, `remark`, `system_code`) values('124','2',NULL,'4','15','admin',now(),'被举报次数','CD-CCSW000008');
insert into `tstd_rule` (`code`, `kind`, `type`, `level`, `value`, `updater`, `update_datetime`, `remark`, `system_code`) values('125','2',NULL,'5','20','admin',now(),'被举报次数','CD-CCSW000008');
insert into `tstd_rule` (`code`, `kind`, `type`, `level`, `value`, `updater`, `update_datetime`, `remark`, `system_code`) values('126','2',NULL,'6','25','admin',now(),'被举报次数','CD-CCSW000008');
insert into `tstd_rule` (`code`, `kind`, `type`, `level`, `value`, `updater`, `update_datetime`, `remark`, `system_code`) values('128','2',NULL,'0','5','admin',now(),'被举报次数','CD-CCSW000008');



insert into `tstd_level_rule` (`code`, `name`, `amount_min`, `amount_max`, `effect`, `updater`, `update_datetime`, `remark`, `system_code`) values('0','ALL','0','0','0','admin',now(),'','CD-CCSW000008');
insert into `tstd_level_rule` (`code`, `name`, `amount_min`, `amount_max`, `effect`, `updater`, `update_datetime`, `remark`, `system_code`) values('1','新手上路','0','10000','1','admin',now(),'','CD-CCSW000008');
insert into `tstd_level_rule` (`code`, `name`, `amount_min`, `amount_max`, `effect`, `updater`, `update_datetime`, `remark`, `system_code`) values('2','初级会员','10000','100000','0','admin',now(),'','CD-CCSW000008');
insert into `tstd_level_rule` (`code`, `name`, `amount_min`, `amount_max`, `effect`, `updater`, `update_datetime`, `remark`, `system_code`) values('3','中级会员','100000','500000','0','admin',now(),'','CD-CCSW000008');
insert into `tstd_level_rule` (`code`, `name`, `amount_min`, `amount_max`, `effect`, `updater`, `update_datetime`, `remark`, `system_code`) values('4','高级会员','500000','2000000','0','admin',now(),'','CD-CCSW000008');
insert into `tstd_level_rule` (`code`, `name`, `amount_min`, `amount_max`, `effect`, `updater`, `update_datetime`, `remark`, `system_code`) values('5','金牌会员','2000000','10000000','0','admin',now(),'','CD-CCSW000008');
insert into `tstd_level_rule` (`code`, `name`, `amount_min`, `amount_max`, `effect`, `updater`, `update_datetime`, `remark`, `system_code`) values('6','论坛元老','10000000','1000000000','0','admin',now(),NULL,'CD-CCSW000008');


insert into `tsys_menu_role` (`id`, `role_code`, `menu_code`, `updater`, `update_datetime`, `remark`, `system_code`) values('1','CSWSR201600000000000000','CSWSM201600000000000000','admin',now(),NULL,'CD-CCSW000008');
insert into `tsys_menu_role` (`id`, `role_code`, `menu_code`, `updater`, `update_datetime`, `remark`, `system_code`) values('2','CSWSR201600000000000000','CSWSM201600001000000001','admin',now(),NULL,'CD-CCSW000008');
insert into `tsys_menu_role` (`id`, `role_code`, `menu_code`, `updater`, `update_datetime`, `remark`, `system_code`) values('3','CSWSR201600000000000000','CSWSM2016092821342814761','admin',now(),NULL,'CD-CCSW000008');
insert into `tsys_menu_role` (`id`, `role_code`, `menu_code`, `updater`, `update_datetime`, `remark`, `system_code`) values('4','CSWSR201600000000000000','CSWSM2016092821362061312','admin',now(),NULL,'CD-CCSW000008');
insert into `tsys_menu_role` (`id`, `role_code`, `menu_code`, `updater`, `update_datetime`, `remark`, `system_code`) values('5','CSWSR201600000000000000','CSWSM2016092822022426987','admin',now(),NULL,'CD-CCSW000008');
insert into `tsys_menu_role` (`id`, `role_code`, `menu_code`, `updater`, `update_datetime`, `remark`, `system_code`) values('6','CSWSR201600000000000000','CSWSM2016092822030509720','admin',now(),NULL,'CD-CCSW000008');
insert into `tsys_menu_role` (`id`, `role_code`, `menu_code`, `updater`, `update_datetime`, `remark`, `system_code`) values('7','CSWSR201600000000000000','CSWSM2016092822034746375','admin',now(),NULL,'CD-CCSW000008');
insert into `tsys_menu_role` (`id`, `role_code`, `menu_code`, `updater`, `update_datetime`, `remark`, `system_code`) values('8','CSWSR201600000000000000','CSWSM2016092822044058332','admin',now(),NULL,'CD-CCSW000008');
insert into `tsys_menu_role` (`id`, `role_code`, `menu_code`, `updater`, `update_datetime`, `remark`, `system_code`) values('9','CSWSR201600000000000000','CSWSM2016092821365831995','admin',now(),NULL,'CD-CCSW000008');
insert into `tsys_menu_role` (`id`, `role_code`, `menu_code`, `updater`, `update_datetime`, `remark`, `system_code`) values('10','CSWSR201600000000000000','CSWSM2016101403000449381','admin',now(),NULL,'CD-CCSW000008');
insert into `tsys_menu_role` (`id`, `role_code`, `menu_code`, `updater`, `update_datetime`, `remark`, `system_code`) values('11','CSWSR201600000000000000','CSWSM201610140301522469','admin',now(),NULL,'CD-CCSW000008');
insert into `tsys_menu_role` (`id`, `role_code`, `menu_code`, `updater`, `update_datetime`, `remark`, `system_code`) values('12','CSWSR201600000000000000','CSWSM2016101403040235885','admin',now(),NULL,'CD-CCSW000008');
insert into `tsys_menu_role` (`id`, `role_code`, `menu_code`, `updater`, `update_datetime`, `remark`, `system_code`) values('13','CSWSR201600000000000000','CSWSM2016101403052639778','admin',now(),NULL,'CD-CCSW000008');
insert into `tsys_menu_role` (`id`, `role_code`, `menu_code`, `updater`, `update_datetime`, `remark`, `system_code`) values('14','CSWSR201600000000000000','CSWSM2016092821345774472','admin',now(),NULL,'CD-CCSW000008');
insert into `tsys_menu_role` (`id`, `role_code`, `menu_code`, `updater`, `update_datetime`, `remark`, `system_code`) values('15','CSWSR201600000000000000','CSWSM2016092821410784749','admin',now(),NULL,'CD-CCSW000008');
insert into `tsys_menu_role` (`id`, `role_code`, `menu_code`, `updater`, `update_datetime`, `remark`, `system_code`) values('16','CSWSR201600000000000000','CSWSM2016092823294360078','admin',now(),NULL,'CD-CCSW000008');
insert into `tsys_menu_role` (`id`, `role_code`, `menu_code`, `updater`, `update_datetime`, `remark`, `system_code`) values('17','CSWSR201600000000000000','SM2017032111245032523','admin',now(),NULL,'CD-CCSW000008');
insert into `tsys_menu_role` (`id`, `role_code`, `menu_code`, `updater`, `update_datetime`, `remark`, `system_code`) values('18','CSWSR201600000000000000','CSWSM2016092821421202683','admin',now(),NULL,'CD-CCSW000008');
insert into `tsys_menu_role` (`id`, `role_code`, `menu_code`, `updater`, `update_datetime`, `remark`, `system_code`) values('19','CSWSR201600000000000000','CSWSM2016100914553600455','admin',now(),NULL,'CD-CCSW000008');
insert into `tsys_menu_role` (`id`, `role_code`, `menu_code`, `updater`, `update_datetime`, `remark`, `system_code`) values('20','CSWSR201600000000000000','CSWSM2016092821432525712','admin',now(),NULL,'CD-CCSW000008');
insert into `tsys_menu_role` (`id`, `role_code`, `menu_code`, `updater`, `update_datetime`, `remark`, `system_code`) values('21','CSWSR201600000000000000','CSWSM2016101403080803191','admin',now(),NULL,'CD-CCSW000008');
insert into `tsys_menu_role` (`id`, `role_code`, `menu_code`, `updater`, `update_datetime`, `remark`, `system_code`) values('22','CSWSR201600000000000000','CSWSM2016092821542022668','admin',now(),NULL,'CD-CCSW000008');
insert into `tsys_menu_role` (`id`, `role_code`, `menu_code`, `updater`, `update_datetime`, `remark`, `system_code`) values('23','CSWSR201600000000000000','CSWSM2016092821553717238','admin',now(),NULL,'CD-CCSW000008');
insert into `tsys_menu_role` (`id`, `role_code`, `menu_code`, `updater`, `update_datetime`, `remark`, `system_code`) values('24','CSWSR201600000000000000','CSWSM2016101403064885124','admin',now(),NULL,'CD-CCSW000008');
insert into `tsys_menu_role` (`id`, `role_code`, `menu_code`, `updater`, `update_datetime`, `remark`, `system_code`) values('25','CSWSR201600000000000000','CSWSM2016101114292608568','admin',now(),NULL,'CD-CCSW000008');
insert into `tsys_menu_role` (`id`, `role_code`, `menu_code`, `updater`, `update_datetime`, `remark`, `system_code`) values('26','CSWSR201600000000000000','CSWSM2016101403072489983','admin',now(),NULL,'CD-CCSW000008');
insert into `tsys_menu_role` (`id`, `role_code`, `menu_code`, `updater`, `update_datetime`, `remark`, `system_code`) values('27','CSWSR201600000000000000','CSWSM2016101403075618423','admin',now(),NULL,'CD-CCSW000008');
insert into `tsys_menu_role` (`id`, `role_code`, `menu_code`, `updater`, `update_datetime`, `remark`, `system_code`) values('28','CSWSR201600000000000000','CSWSM2016101403085360130','admin',now(),NULL,'CD-CCSW000008');
insert into `tsys_menu_role` (`id`, `role_code`, `menu_code`, `updater`, `update_datetime`, `remark`, `system_code`) values('29','CSWSR201600000000000000','CSWSM2016101403092984034','admin',now(),NULL,'CD-CCSW000008');
insert into `tsys_menu_role` (`id`, `role_code`, `menu_code`, `updater`, `update_datetime`, `remark`, `system_code`) values('30','CSWSR201600000000000000','CSWSM2016092821560359584','admin',now(),NULL,'CD-CCSW000008');
insert into `tsys_menu_role` (`id`, `role_code`, `menu_code`, `updater`, `update_datetime`, `remark`, `system_code`) values('31','CSWSR201600000000000000','CSWSM2016100916013626119','admin',now(),NULL,'CD-CCSW000008');
insert into `tsys_menu_role` (`id`, `role_code`, `menu_code`, `updater`, `update_datetime`, `remark`, `system_code`) values('32','CSWSR201600000000000000','CSWSM2016102011060812993','admin',now(),NULL,'CD-CCSW000008');
insert into `tsys_menu_role` (`id`, `role_code`, `menu_code`, `updater`, `update_datetime`, `remark`, `system_code`) values('33','CSWSR201600000000000000','CSWSM2016102011064964715','admin',now(),NULL,'CD-CCSW000008');
insert into `tsys_menu_role` (`id`, `role_code`, `menu_code`, `updater`, `update_datetime`, `remark`, `system_code`) values('34','CSWSR201600000000000000','CSWSM2016102011074960231','admin',now(),NULL,'CD-CCSW000008');
insert into `tsys_menu_role` (`id`, `role_code`, `menu_code`, `updater`, `update_datetime`, `remark`, `system_code`) values('35','CSWSR201600000000000000','CSWSM2016111610310639643','admin',now(),NULL,'CD-CCSW000008');
insert into `tsys_menu_role` (`id`, `role_code`, `menu_code`, `updater`, `update_datetime`, `remark`, `system_code`) values('36','CSWSR201600000000000000','SM2017032215053284154','admin',now(),NULL,'CD-CCSW000008');
insert into `tsys_menu_role` (`id`, `role_code`, `menu_code`, `updater`, `update_datetime`, `remark`, `system_code`) values('37','CSWSR201600000000000000','CSWSM2016092821563193328','admin',now(),NULL,'CD-CCSW000008');
insert into `tsys_menu_role` (`id`, `role_code`, `menu_code`, `updater`, `update_datetime`, `remark`, `system_code`) values('38','CSWSR201600000000000000','CSWSM2016100915223779358','admin',now(),NULL,'CD-CCSW000008');
insert into `tsys_menu_role` (`id`, `role_code`, `menu_code`, `updater`, `update_datetime`, `remark`, `system_code`) values('39','CSWSR201600000000000000','CSWSM2016100915231396881','admin',now(),NULL,'CD-CCSW000008');
insert into `tsys_menu_role` (`id`, `role_code`, `menu_code`, `updater`, `update_datetime`, `remark`, `system_code`) values('40','CSWSR201600000000000000','CSWSM2016092821570302668','admin',now(),NULL,'CD-CCSW000008');
insert into `tsys_menu_role` (`id`, `role_code`, `menu_code`, `updater`, `update_datetime`, `remark`, `system_code`) values('41','CSWSR201600000000000000','CSWSM2016100915414279820','admin',now(),NULL,'CD-CCSW000008');
insert into `tsys_menu_role` (`id`, `role_code`, `menu_code`, `updater`, `update_datetime`, `remark`, `system_code`) values('42','CSWSR201600000000000000','CSWSM2016100915422733356','admin',now(),NULL,'CD-CCSW000008');
insert into `tsys_menu_role` (`id`, `role_code`, `menu_code`, `updater`, `update_datetime`, `remark`, `system_code`) values('43','CSWSR201600000000000000','CSWSM2016100915425403738','admin',now(),NULL,'CD-CCSW000008');
insert into `tsys_menu_role` (`id`, `role_code`, `menu_code`, `updater`, `update_datetime`, `remark`, `system_code`) values('44','CSWSR201600000000000000','CSWSM2016100915433568936','admin',now(),NULL,'CD-CCSW000008');
insert into `tsys_menu_role` (`id`, `role_code`, `menu_code`, `updater`, `update_datetime`, `remark`, `system_code`) values('45','CSWSR201600000000000000','CSWSM2016100915435764683','admin',now(),NULL,'CD-CCSW000008');
insert into `tsys_menu_role` (`id`, `role_code`, `menu_code`, `updater`, `update_datetime`, `remark`, `system_code`) values('46','CSWSR201600000000000000','CSWSM2016100915481702722','admin',now(),NULL,'CD-CCSW000008');
insert into `tsys_menu_role` (`id`, `role_code`, `menu_code`, `updater`, `update_datetime`, `remark`, `system_code`) values('47','CSWSR201600000000000000','CSWSM2016100915504442941','admin',now(),NULL,'CD-CCSW000008');
insert into `tsys_menu_role` (`id`, `role_code`, `menu_code`, `updater`, `update_datetime`, `remark`, `system_code`) values('48','CSWSR201600000000000000','CSWSM2016100915485930525','admin',now(),NULL,'CD-CCSW000008');
insert into `tsys_menu_role` (`id`, `role_code`, `menu_code`, `updater`, `update_datetime`, `remark`, `system_code`) values('49','CSWSR201600000000000000','CSWSM2016100915512764682','admin',now(),NULL,'CD-CCSW000008');
insert into `tsys_menu_role` (`id`, `role_code`, `menu_code`, `updater`, `update_datetime`, `remark`, `system_code`) values('50','CSWSR201600000000000000','CSWSM2016100915521323063','admin',now(),NULL,'CD-CCSW000008');
insert into `tsys_menu_role` (`id`, `role_code`, `menu_code`, `updater`, `update_datetime`, `remark`, `system_code`) values('51','CSWSR201600000000000000','CSWSM2016092821582219970','admin',now(),NULL,'CD-CCSW000008');
insert into `tsys_menu_role` (`id`, `role_code`, `menu_code`, `updater`, `update_datetime`, `remark`, `system_code`) values('52','CSWSR201600000000000000','SM2017032114252746110','admin',now(),NULL,'CD-CCSW000008');
insert into `tsys_menu_role` (`id`, `role_code`, `menu_code`, `updater`, `update_datetime`, `remark`, `system_code`) values('53','CSWSR201600000000000000','SM2017032717570654979','admin',now(),NULL,'CD-CCSW000008');
insert into `tsys_menu_role` (`id`, `role_code`, `menu_code`, `updater`, `update_datetime`, `remark`, `system_code`) values('54','CSWSR201600000000000000','SM2017033011245545796','admin',now(),NULL,'CD-CCSW000008');
insert into `tsys_menu_role` (`id`, `role_code`, `menu_code`, `updater`, `update_datetime`, `remark`, `system_code`) values('55','CSWSR201600000000000000','SM2017033011252473582','admin',now(),NULL,'CD-CCSW000008');
insert into `tsys_menu_role` (`id`, `role_code`, `menu_code`, `updater`, `update_datetime`, `remark`, `system_code`) values('56','CSWSR201600000000000000','SM2017033011260665069','admin',now(),NULL,'CD-CCSW000008');
insert into `tsys_menu_role` (`id`, `role_code`, `menu_code`, `updater`, `update_datetime`, `remark`, `system_code`) values('57','CSWSR201600000000000000','SM2017032115040589288','admin',now(),NULL,'CD-CCSW000008');
insert into `tsys_menu_role` (`id`, `role_code`, `menu_code`, `updater`, `update_datetime`, `remark`, `system_code`) values('58','CSWSR201600000000000000','SM2017033014320607542','admin',now(),NULL,'CD-CCSW000008');
insert into `tsys_menu_role` (`id`, `role_code`, `menu_code`, `updater`, `update_datetime`, `remark`, `system_code`) values('59','CSWSR201600000000000000','CSWSM2016092821582219971','admin',now(),NULL,'CD-CCSW000008');
insert into `tsys_menu_role` (`id`, `role_code`, `menu_code`, `updater`, `update_datetime`, `remark`, `system_code`) values('60','CSWSR201600000000000000','CSWSM2016092821582219972','admin',now(),NULL,'CD-CCSW000008');
insert into `tsys_menu_role` (`id`, `role_code`, `menu_code`, `updater`, `update_datetime`, `remark`, `system_code`) values('61','CSWSR201600000000000000','CSWSM2016092821582219979','admin',now(),NULL,'CD-CCSW000008');
insert into `tsys_menu_role` (`id`, `role_code`, `menu_code`, `updater`, `update_datetime`, `remark`, `system_code`) values('62','CSWSR201600000000000000','CSWSM2016092821582219989','admin',now(),NULL,'CD-CCSW000008');
insert into `tsys_menu_role` (`id`, `role_code`, `menu_code`, `updater`, `update_datetime`, `remark`, `system_code`) values('63','CSWSR201600000000000000','CSWSM2016092821582219992','admin',now(),NULL,'CD-CCSW000008');
insert into `tsys_menu_role` (`id`, `role_code`, `menu_code`, `updater`, `update_datetime`, `remark`, `system_code`) values('64','CSWSR201600000000000000','CSWSM2016092821582219999','admin',now(),NULL,'CD-CCSW000008');
insert into `tsys_menu_role` (`id`, `role_code`, `menu_code`, `updater`, `update_datetime`, `remark`, `system_code`) values('65','CSWSR201600000000000000','CSWSM2016092821582219973','admin',now(),NULL,'CD-CCSW000008');
insert into `tsys_menu_role` (`id`, `role_code`, `menu_code`, `updater`, `update_datetime`, `remark`, `system_code`) values('66','CSWSR201600000000000000','CSWSM2016092821582219974','admin',now(),NULL,'CD-CCSW000008');
insert into `tsys_menu_role` (`id`, `role_code`, `menu_code`, `updater`, `update_datetime`, `remark`, `system_code`) values('67','CSWSR201600000000000000','CSWSM2016092821582219975','admin',now(),NULL,'CD-CCSW000008');
insert into `tsys_menu_role` (`id`, `role_code`, `menu_code`, `updater`, `update_datetime`, `remark`, `system_code`) values('68','CSWSR201600000000000000','CSWSM2016092821582219976','admin',now(),NULL,'CD-CCSW000008');
insert into `tsys_menu_role` (`id`, `role_code`, `menu_code`, `updater`, `update_datetime`, `remark`, `system_code`) values('69','CSWSR201600000000000000','SM2017032115422786953','admin',now(),NULL,'CD-CCSW000008');
insert into `tsys_menu_role` (`id`, `role_code`, `menu_code`, `updater`, `update_datetime`, `remark`, `system_code`) values('70','CSWSR201600000000000000','CSWSM201610091501476418','admin',now(),NULL,'CD-CCSW000008');
insert into `tsys_menu_role` (`id`, `role_code`, `menu_code`, `updater`, `update_datetime`, `remark`, `system_code`) values('71','CSWSR201600000000000000','CSWSM2016092821384689624','admin',now(),NULL,'CD-CCSW000008');
insert into `tsys_menu_role` (`id`, `role_code`, `menu_code`, `updater`, `update_datetime`, `remark`, `system_code`) values('72','CSWSR201600000000000000','CSWSM2016100915052716145','admin',now(),NULL,'CD-CCSW000008');
insert into `tsys_menu_role` (`id`, `role_code`, `menu_code`, `updater`, `update_datetime`, `remark`, `system_code`) values('73','CSWSR201600000000000000','CSWSM2016100915055099756','admin',now(),NULL,'CD-CCSW000008');
insert into `tsys_menu_role` (`id`, `role_code`, `menu_code`, `updater`, `update_datetime`, `remark`, `system_code`) values('74','CSWSR201600000000000000','SM2017032314220600855','admin',now(),NULL,'CD-CCSW000008');
insert into `tsys_menu_role` (`id`, `role_code`, `menu_code`, `updater`, `update_datetime`, `remark`, `system_code`) values('75','CSWSR201600000000000000','SM2017032314230626997','admin',now(),NULL,'CD-CCSW000008');
insert into `tsys_menu_role` (`id`, `role_code`, `menu_code`, `updater`, `update_datetime`, `remark`, `system_code`) values('76','CSWSR201600000000000000','SM201703231423331186','admin',now(),NULL,'CD-CCSW000008');
insert into `tsys_menu_role` (`id`, `role_code`, `menu_code`, `updater`, `update_datetime`, `remark`, `system_code`) values('77','CSWSR201600000000000000','SM2017032314343899881','admin',now(),NULL,'CD-CCSW000008');
insert into `tsys_menu_role` (`id`, `role_code`, `menu_code`, `updater`, `update_datetime`, `remark`, `system_code`) values('78','CSWSR201600000000000000','SM2017032314351134956','admin',now(),NULL,'CD-CCSW000008');
insert into `tsys_menu_role` (`id`, `role_code`, `menu_code`, `updater`, `update_datetime`, `remark`, `system_code`) values('79','CSWSR201600000000000000','SM2017032314352699235','admin',now(),NULL,'CD-CCSW000008');
insert into `tsys_menu_role` (`id`, `role_code`, `menu_code`, `updater`, `update_datetime`, `remark`, `system_code`) values('80','CSWSR201600000000000001','CSWSM201600000000000000','admin',now(),NULL,'CD-CCSW000008');
insert into `tsys_menu_role` (`id`, `role_code`, `menu_code`, `updater`, `update_datetime`, `remark`, `system_code`) values('81','CSWSR201600000000000001','CSWSM2016092821542022668','admin',now(),NULL,'CD-CCSW000008');
insert into `tsys_menu_role` (`id`, `role_code`, `menu_code`, `updater`, `update_datetime`, `remark`, `system_code`) values('82','CSWSR201600000000000001','CSWSM2016092821553717238','admin',now(),NULL,'CD-CCSW000008');
insert into `tsys_menu_role` (`id`, `role_code`, `menu_code`, `updater`, `update_datetime`, `remark`, `system_code`) values('83','CSWSR201600000000000001','CSWSM2016101403064885124','admin',now(),NULL,'CD-CCSW000008');
insert into `tsys_menu_role` (`id`, `role_code`, `menu_code`, `updater`, `update_datetime`, `remark`, `system_code`) values('84','CSWSR201600000000000001','CSWSM2016101114292608568','admin',now(),NULL,'CD-CCSW000008');
insert into `tsys_menu_role` (`id`, `role_code`, `menu_code`, `updater`, `update_datetime`, `remark`, `system_code`) values('85','CSWSR201600000000000001','CSWSM2016101403072489983','admin',now(),NULL,'CD-CCSW000008');
insert into `tsys_menu_role` (`id`, `role_code`, `menu_code`, `updater`, `update_datetime`, `remark`, `system_code`) values('86','CSWSR201600000000000001','CSWSM2016101403075618423','admin',now(),NULL,'CD-CCSW000008');
insert into `tsys_menu_role` (`id`, `role_code`, `menu_code`, `updater`, `update_datetime`, `remark`, `system_code`) values('87','CSWSR201600000000000001','CSWSM2016101403085360130','admin',now(),NULL,'CD-CCSW000008');
insert into `tsys_menu_role` (`id`, `role_code`, `menu_code`, `updater`, `update_datetime`, `remark`, `system_code`) values('88','CSWSR201600000000000001','CSWSM2016101403092984034','admin',now(),NULL,'CD-CCSW000008');
insert into `tsys_menu_role` (`id`, `role_code`, `menu_code`, `updater`, `update_datetime`, `remark`, `system_code`) values('89','CSWSR201600000000000001','CSWSM2016092821560359584','admin',now(),NULL,'CD-CCSW000008');
insert into `tsys_menu_role` (`id`, `role_code`, `menu_code`, `updater`, `update_datetime`, `remark`, `system_code`) values('90','CSWSR201600000000000001','CSWSM2016100916013626119','admin',now(),NULL,'CD-CCSW000008');
insert into `tsys_menu_role` (`id`, `role_code`, `menu_code`, `updater`, `update_datetime`, `remark`, `system_code`) values('91','CSWSR201600000000000001','CSWSM2016102011060812993','admin',now(),NULL,'CD-CCSW000008');
insert into `tsys_menu_role` (`id`, `role_code`, `menu_code`, `updater`, `update_datetime`, `remark`, `system_code`) values('92','CSWSR201600000000000001','CSWSM2016102011064964715','admin',now(),NULL,'CD-CCSW000008');
insert into `tsys_menu_role` (`id`, `role_code`, `menu_code`, `updater`, `update_datetime`, `remark`, `system_code`) values('93','CSWSR201600000000000001','CSWSM2016102011074960231','admin',now(),NULL,'CD-CCSW000008');
insert into `tsys_menu_role` (`id`, `role_code`, `menu_code`, `updater`, `update_datetime`, `remark`, `system_code`) values('94','CSWSR201600000000000001','CSWSM2016111610310639643','admin',now(),NULL,'CD-CCSW000008');
insert into `tsys_menu_role` (`id`, `role_code`, `menu_code`, `updater`, `update_datetime`, `remark`, `system_code`) values('95','CSWSR201600000000000001','SM2017032215053284154','admin',now(),NULL,'CD-CCSW000008');
insert into `tsys_menu_role` (`id`, `role_code`, `menu_code`, `updater`, `update_datetime`, `remark`, `system_code`) values('96','CSWSR201600000000000001','CSWSM2016092821563193328','admin',now(),NULL,'CD-CCSW000008');
insert into `tsys_menu_role` (`id`, `role_code`, `menu_code`, `updater`, `update_datetime`, `remark`, `system_code`) values('97','CSWSR201600000000000001','CSWSM2016100915223779358','admin',now(),NULL,'CD-CCSW000008');
insert into `tsys_menu_role` (`id`, `role_code`, `menu_code`, `updater`, `update_datetime`, `remark`, `system_code`) values('98','CSWSR201600000000000001','CSWSM2016100915231396881','admin',now(),NULL,'CD-CCSW000008');
insert into `tsys_menu_role` (`id`, `role_code`, `menu_code`, `updater`, `update_datetime`, `remark`, `system_code`) values('99','CSWSR201600000000000001','CSWSM2016092821570302668','admin',now(),NULL,'CD-CCSW000008');
insert into `tsys_menu_role` (`id`, `role_code`, `menu_code`, `updater`, `update_datetime`, `remark`, `system_code`) values('100','CSWSR201600000000000001','CSWSM2016100915414279820','admin',now(),NULL,'CD-CCSW000008');
insert into `tsys_menu_role` (`id`, `role_code`, `menu_code`, `updater`, `update_datetime`, `remark`, `system_code`) values('101','CSWSR201600000000000001','CSWSM2016100915422733356','admin',now(),NULL,'CD-CCSW000008');
insert into `tsys_menu_role` (`id`, `role_code`, `menu_code`, `updater`, `update_datetime`, `remark`, `system_code`) values('102','CSWSR201600000000000001','CSWSM2016100915425403738','admin',now(),NULL,'CD-CCSW000008');
insert into `tsys_menu_role` (`id`, `role_code`, `menu_code`, `updater`, `update_datetime`, `remark`, `system_code`) values('103','CSWSR201600000000000001','CSWSM2016100915433568936','admin',now(),NULL,'CD-CCSW000008');
insert into `tsys_menu_role` (`id`, `role_code`, `menu_code`, `updater`, `update_datetime`, `remark`, `system_code`) values('104','CSWSR201600000000000001','CSWSM2016100915435764683','admin',now(),NULL,'CD-CCSW000008');
insert into `tsys_menu_role` (`id`, `role_code`, `menu_code`, `updater`, `update_datetime`, `remark`, `system_code`) values('105','CSWSR201600000000000001','CSWSM2016100915481702722','admin',now(),NULL,'CD-CCSW000008');
insert into `tsys_menu_role` (`id`, `role_code`, `menu_code`, `updater`, `update_datetime`, `remark`, `system_code`) values('106','CSWSR201600000000000001','CSWSM2016100915504442941','admin',now(),NULL,'CD-CCSW000008');
insert into `tsys_menu_role` (`id`, `role_code`, `menu_code`, `updater`, `update_datetime`, `remark`, `system_code`) values('107','CSWSR201600000000000001','CSWSM2016100915485930525','admin',now(),NULL,'CD-CCSW000008');
insert into `tsys_menu_role` (`id`, `role_code`, `menu_code`, `updater`, `update_datetime`, `remark`, `system_code`) values('108','CSWSR201600000000000001','CSWSM2016100915512764682','admin',now(),NULL,'CD-CCSW000008');
insert into `tsys_menu_role` (`id`, `role_code`, `menu_code`, `updater`, `update_datetime`, `remark`, `system_code`) values('109','CSWSR201600000000000001','CSWSM2016100915521323063','admin',now(),NULL,'CD-CCSW000008');
insert into `tsys_menu_role` (`id`, `role_code`, `menu_code`, `updater`, `update_datetime`, `remark`, `system_code`) values('110','CSWSR201600000000000001','CSWSM2016092821582219970','admin',now(),NULL,'CD-CCSW000008');
insert into `tsys_menu_role` (`id`, `role_code`, `menu_code`, `updater`, `update_datetime`, `remark`, `system_code`) values('111','CSWSR201600000000000001','SM2017032114252746110','admin',now(),NULL,'CD-CCSW000008');
insert into `tsys_menu_role` (`id`, `role_code`, `menu_code`, `updater`, `update_datetime`, `remark`, `system_code`) values('112','CSWSR201600000000000001','SM2017032115040589288','admin',now(),NULL,'CD-CCSW000008');
insert into `tsys_menu_role` (`id`, `role_code`, `menu_code`, `updater`, `update_datetime`, `remark`, `system_code`) values('113','CSWSR201600000000000001','CSWSM201610091501476418','admin',now(),NULL,'CD-CCSW000008');
insert into `tsys_menu_role` (`id`, `role_code`, `menu_code`, `updater`, `update_datetime`, `remark`, `system_code`) values('114','CSWSR201600000000000001','CSWSM2016092821384689624','admin',now(),NULL,'CD-CCSW000008');
insert into `tsys_menu_role` (`id`, `role_code`, `menu_code`, `updater`, `update_datetime`, `remark`, `system_code`) values('115','CSWSR201600000000000001','CSWSM2016100915052716145','admin',now(),NULL,'CD-CCSW000008');
insert into `tsys_menu_role` (`id`, `role_code`, `menu_code`, `updater`, `update_datetime`, `remark`, `system_code`) values('116','CSWSR201600000000000001','CSWSM2016100915055099756','admin',now(),NULL,'CD-CCSW000008');
insert into `tsys_menu_role` (`id`, `role_code`, `menu_code`, `updater`, `update_datetime`, `remark`, `system_code`) values('117','CSWSR201600000000000001','SM2017032314220600855','admin',now(),NULL,'CD-CCSW000008');
insert into `tsys_menu_role` (`id`, `role_code`, `menu_code`, `updater`, `update_datetime`, `remark`, `system_code`) values('118','CSWSR201600000000000001','SM2017032314230626997','admin',now(),NULL,'CD-CCSW000008');
insert into `tsys_menu_role` (`id`, `role_code`, `menu_code`, `updater`, `update_datetime`, `remark`, `system_code`) values('119','CSWSR201600000000000001','SM201703231423331186','admin',now(),NULL,'CD-CCSW000008');
insert into `tsys_menu_role` (`id`, `role_code`, `menu_code`, `updater`, `update_datetime`, `remark`, `system_code`) values('120','CSWSR201600000000000001','SM2017032314343899881','admin',now(),NULL,'CD-CCSW000008');
insert into `tsys_menu_role` (`id`, `role_code`, `menu_code`, `updater`, `update_datetime`, `remark`, `system_code`) values('121','CSWSR201600000000000001','SM2017032314351134956','admin',now(),NULL,'CD-CCSW000008');
insert into `tsys_menu_role` (`id`, `role_code`, `menu_code`, `updater`, `update_datetime`, `remark`, `system_code`) values('122','CSWSR201600000000000001','SM2017032314352699235','admin',now(),NULL,'CD-CCSW000008');
insert into `tsys_menu_role` (`id`, `role_code`, `menu_code`, `updater`, `update_datetime`, `remark`, `system_code`) values('123','CSWSR201600000000000002','CSWSM201600000000000000','admin',now(),NULL,'CD-CCSW000008');
insert into `tsys_menu_role` (`id`, `role_code`, `menu_code`, `updater`, `update_datetime`, `remark`, `system_code`) values('124','CSWSR201600000000000002','CSWSM2016092821543428878','admin',now(),NULL,'CD-CCSW000008');
insert into `tsys_menu_role` (`id`, `role_code`, `menu_code`, `updater`, `update_datetime`, `remark`, `system_code`) values('125','CSWSR201600000000000002','CSWSM2016092821584799672','admin',now(),NULL,'CD-CCSW000008');
insert into `tsys_menu_role` (`id`, `role_code`, `menu_code`, `updater`, `update_datetime`, `remark`, `system_code`) values('126','CSWSR201600000000000002','CSWSM2016101404423631536','admin',now(),NULL,'CD-CCSW000008');
insert into `tsys_menu_role` (`id`, `role_code`, `menu_code`, `updater`, `update_datetime`, `remark`, `system_code`) values('127','CSWSR201600000000000002','CSWSM2016101404444655681','admin',now(),NULL,'CD-CCSW000008');
insert into `tsys_menu_role` (`id`, `role_code`, `menu_code`, `updater`, `update_datetime`, `remark`, `system_code`) values('128','CSWSR201600000000000002','CSWSM2016101404450438722','admin',now(),NULL,'CD-CCSW000008');
insert into `tsys_menu_role` (`id`, `role_code`, `menu_code`, `updater`, `update_datetime`, `remark`, `system_code`) values('129','CSWSR201600000000000002','SM2017032314581394935','admin',now(),NULL,'CD-CCSW000008');
insert into `tsys_menu_role` (`id`, `role_code`, `menu_code`, `updater`, `update_datetime`, `remark`, `system_code`) values('130','CSWSR201600000000000002','SM2017032314584400487','admin',now(),NULL,'CD-CCSW000008');
insert into `tsys_menu_role` (`id`, `role_code`, `menu_code`, `updater`, `update_datetime`, `remark`, `system_code`) values('131','CSWSR201600000000000002','SM2017032314590467836','admin',now(),NULL,'CD-CCSW000008');
insert into `tsys_menu_role` (`id`, `role_code`, `menu_code`, `updater`, `update_datetime`, `remark`, `system_code`) values('132','CSWSR201600000000000002','SM2017032314595329115','admin',now(),NULL,'CD-CCSW000008');
insert into `tsys_menu_role` (`id`, `role_code`, `menu_code`, `updater`, `update_datetime`, `remark`, `system_code`) values('133','CSWSR201600000000000002','SM2017032315003236015','admin',now(),NULL,'CD-CCSW000008');
insert into `tsys_menu_role` (`id`, `role_code`, `menu_code`, `updater`, `update_datetime`, `remark`, `system_code`) values('134','CSWSR201600000000000002','SM2017032315005250478','admin',now(),NULL,'CD-CCSW000008');
insert into `tsys_menu_role` (`id`, `role_code`, `menu_code`, `updater`, `update_datetime`, `remark`, `system_code`) values('135','CSWSR201600000000000002','CSWSM2016092821592671896','admin',now(),NULL,'CD-CCSW000008');
insert into `tsys_menu_role` (`id`, `role_code`, `menu_code`, `updater`, `update_datetime`, `remark`, `system_code`) values('136','CSWSR201600000000000002','CSWSM2016100916121992653','admin',now(),NULL,'CD-CCSW000008');
insert into `tsys_menu_role` (`id`, `role_code`, `menu_code`, `updater`, `update_datetime`, `remark`, `system_code`) values('137','CSWSR201600000000000002','CSWSM201610231500322171','admin',now(),NULL,'CD-CCSW000008');
insert into `tsys_menu_role` (`id`, `role_code`, `menu_code`, `updater`, `update_datetime`, `remark`, `system_code`) values('138','CSWSR201600000000000002','CSWSM2016102315091640096','admin',now(),NULL,'CD-CCSW000008');
insert into `tsys_menu_role` (`id`, `role_code`, `menu_code`, `updater`, `update_datetime`, `remark`, `system_code`) values('139','CSWSR201600000000000002','CSWSM2016102315094472925','admin',now(),NULL,'CD-CCSW000008');
insert into `tsys_menu_role` (`id`, `role_code`, `menu_code`, `updater`, `update_datetime`, `remark`, `system_code`) values('140','CSWSR201600000000000002','CSWSM2016102315103179381','admin',now(),NULL,'CD-CCSW000008');
insert into `tsys_menu_role` (`id`, `role_code`, `menu_code`, `updater`, `update_datetime`, `remark`, `system_code`) values('141','CSWSR201600000000000002','CSWSM2016102315111143910','admin',now(),NULL,'CD-CCSW000008');
insert into `tsys_menu_role` (`id`, `role_code`, `menu_code`, `updater`, `update_datetime`, `remark`, `system_code`) values('142','CSWSR201600000000000002','CSWSM2016102315125303658','admin',now(),NULL,'CD-CCSW000008');
insert into `tsys_menu_role` (`id`, `role_code`, `menu_code`, `updater`, `update_datetime`, `remark`, `system_code`) values('143','CSWSR201600000000000002','CSWSM2016100916145734721','admin',now(),NULL,'CD-CCSW000008');
insert into `tsys_menu_role` (`id`, `role_code`, `menu_code`, `updater`, `update_datetime`, `remark`, `system_code`) values('144','CSWSR201600000000000002','CSWSM2016100916160734287','admin',now(),NULL,'CD-CCSW000008');
insert into `tsys_menu_role` (`id`, `role_code`, `menu_code`, `updater`, `update_datetime`, `remark`, `system_code`) values('145','CSWSR201600000000000002','CSWSM2016101108062331471','admin',now(),NULL,'CD-CCSW000008');
insert into `tsys_menu_role` (`id`, `role_code`, `menu_code`, `updater`, `update_datetime`, `remark`, `system_code`) values('146','CSWSR201600000000000002','CSWSM2016102014042498646','admin',now(),NULL,'CD-CCSW000008');
insert into `tsys_menu_role` (`id`, `role_code`, `menu_code`, `updater`, `update_datetime`, `remark`, `system_code`) values('147','CSWSR201600000000000002','SM2017032411015557514','admin',now(),NULL,'CD-CCSW000008');
insert into `tsys_menu_role` (`id`, `role_code`, `menu_code`, `updater`, `update_datetime`, `remark`, `system_code`) values('148','CSWSR201600000000000002','CSWSM2016102317263644357','admin',now(),NULL,'CD-CCSW000008');
insert into `tsys_menu_role` (`id`, `role_code`, `menu_code`, `updater`, `update_datetime`, `remark`, `system_code`) values('149','CSWSR201600000000000002','CSWSM2016102317284048726','admin',now(),NULL,'CD-CCSW000008');
insert into `tsys_menu_role` (`id`, `role_code`, `menu_code`, `updater`, `update_datetime`, `remark`, `system_code`) values('150','CSWSR201600000000000002','CSWSM2016102317290727498','admin',now(),NULL,'CD-CCSW000008');
insert into `tsys_menu_role` (`id`, `role_code`, `menu_code`, `updater`, `update_datetime`, `remark`, `system_code`) values('151','CSWSR201600000000000002','CSWSM2016102318523143152','admin',now(),NULL,'CD-CCSW000008');
insert into `tsys_menu_role` (`id`, `role_code`, `menu_code`, `updater`, `update_datetime`, `remark`, `system_code`) values('152','CSWSR201600000000000002','CSWSM2016102318581959942','admin',now(),NULL,'CD-CCSW000008');
insert into `tsys_menu_role` (`id`, `role_code`, `menu_code`, `updater`, `update_datetime`, `remark`, `system_code`) values('153','CSWSR201600000000000002','CSWSM201610231858541205','admin',now(),NULL,'CD-CCSW000008');
insert into `tsys_menu_role` (`id`, `role_code`, `menu_code`, `updater`, `update_datetime`, `remark`, `system_code`) values('154','CSWSR201600000000000002','CSWSM2016102318534564231','admin',now(),NULL,'CD-CCSW000008');
insert into `tsys_menu_role` (`id`, `role_code`, `menu_code`, `updater`, `update_datetime`, `remark`, `system_code`) values('155','CSWSR201600000000000002','CSWSM2016102318591599199','admin',now(),NULL,'CD-CCSW000008');
insert into `tsys_menu_role` (`id`, `role_code`, `menu_code`, `updater`, `update_datetime`, `remark`, `system_code`) values('156','CSWSR201600000000000002','CSWSM2016102319000078279','admin',now(),NULL,'CD-CCSW000008');
insert into `tsys_menu_role` (`id`, `role_code`, `menu_code`, `updater`, `update_datetime`, `remark`, `system_code`) values('157','CSWSR201600000000000002','SM2017033010574899578','admin',now(),NULL,'CD-CCSW000008');
insert into `tsys_menu_role` (`id`, `role_code`, `menu_code`, `updater`, `update_datetime`, `remark`, `system_code`) values('158','CSWSR201600000000000002','CSWSM2016111710052216322','admin',now(),NULL,'CD-CCSW000008');
insert into `tsys_menu_role` (`id`, `role_code`, `menu_code`, `updater`, `update_datetime`, `remark`, `system_code`) values('159','CSWSR201600000000000002','CSWSM2016111710055258697','admin',now(),NULL,'CD-CCSW000008');
insert into `tsys_menu_role` (`id`, `role_code`, `menu_code`, `updater`, `update_datetime`, `remark`, `system_code`) values('160','CSWSR201600000000000002','CSWSM2016111710061147281','admin',now(),NULL,'CD-CCSW000008');
insert into `tsys_menu_role` (`id`, `role_code`, `menu_code`, `updater`, `update_datetime`, `remark`, `system_code`) values('161','CSWSR201600000000000002','CSWSM2016111710063033450','admin',now(),NULL,'CD-CCSW000008');
insert into `tsys_menu_role` (`id`, `role_code`, `menu_code`, `updater`, `update_datetime`, `remark`, `system_code`) values('162','CSWSR201600000000000002','CSWSM2016111710070679281','admin',now(),NULL,'CD-CCSW000008');
insert into `tsys_menu_role` (`id`, `role_code`, `menu_code`, `updater`, `update_datetime`, `remark`, `system_code`) values('163','CSWSR201600000000000002','CSWSM2016092821595564374','admin',now(),NULL,'CD-CCSW000008');
insert into `tsys_menu_role` (`id`, `role_code`, `menu_code`, `updater`, `update_datetime`, `remark`, `system_code`) values('164','CSWSR201600000000000002','SM2017032210424587688','admin',now(),NULL,'CD-CCSW000008');
insert into `tsys_menu_role` (`id`, `role_code`, `menu_code`, `updater`, `update_datetime`, `remark`, `system_code`) values('165','CSWSR201600000000000002','SM2017033111032560435','admin',now(),NULL,'CD-CCSW000008');
insert into `tsys_menu_role` (`id`, `role_code`, `menu_code`, `updater`, `update_datetime`, `remark`, `system_code`) values('166','CSWSR201600000000000002','SM2017033111035700272','admin',now(),NULL,'CD-CCSW000008');
insert into `tsys_menu_role` (`id`, `role_code`, `menu_code`, `updater`, `update_datetime`, `remark`, `system_code`) values('167','CSWSR201600000000000002','SM2017033111042867727','admin',now(),NULL,'CD-CCSW000008');
insert into `tsys_menu_role` (`id`, `role_code`, `menu_code`, `updater`, `update_datetime`, `remark`, `system_code`) values('168','CSWSR201600000000000002','SM2017032210441733544','admin',now(),NULL,'CD-CCSW000008');
insert into `tsys_menu_role` (`id`, `role_code`, `menu_code`, `updater`, `update_datetime`, `remark`, `system_code`) values('169','CSWSR201600000000000002','SM2017033111055501544','admin',now(),NULL,'CD-CCSW000008');
insert into `tsys_menu_role` (`id`, `role_code`, `menu_code`, `updater`, `update_datetime`, `remark`, `system_code`) values('170','CSWSR201600000000000002','CSWSM2016100916091382814','admin',now(),NULL,'CD-CCSW000008');
insert into `tsys_menu_role` (`id`, `role_code`, `menu_code`, `updater`, `update_datetime`, `remark`, `system_code`) values('171','CSWSR201600000000000002','CSWSM2016100916241875835','admin',now(),NULL,'CD-CCSW000008');
insert into `tsys_menu_role` (`id`, `role_code`, `menu_code`, `updater`, `update_datetime`, `remark`, `system_code`) values('172','CSWSR201600000000000002','CSWSM2016100916244454597','admin',now(),NULL,'CD-CCSW000008');
insert into `tsys_menu_role` (`id`, `role_code`, `menu_code`, `updater`, `update_datetime`, `remark`, `system_code`) values('173','CSWSR201600000000000002','CSWSM2016100916250553765','admin',now(),NULL,'CD-CCSW000008');
insert into `tsys_menu_role` (`id`, `role_code`, `menu_code`, `updater`, `update_datetime`, `remark`, `system_code`) values('174','CSWSR201600000000000002','CSWSM2016100916252159110','admin',now(),NULL,'CD-CCSW000008');
insert into `tsys_menu_role` (`id`, `role_code`, `menu_code`, `updater`, `update_datetime`, `remark`, `system_code`) values('175','CSWSR201600000000000002','CSWSM201610131123478618','admin',now(),NULL,'CD-CCSW000008');
insert into `tsys_menu_role` (`id`, `role_code`, `menu_code`, `updater`, `update_datetime`, `remark`, `system_code`) values('176','CSWSR201600000000000002','CSWSM2016101311245718432','admin',now(),NULL,'CD-CCSW000008');
insert into `tsys_menu_role` (`id`, `role_code`, `menu_code`, `updater`, `update_datetime`, `remark`, `system_code`) values('177','CSWSR201600000000000002','SM201703231758295414','admin',now(),NULL,'CD-CCSW000008');
insert into `tsys_menu_role` (`id`, `role_code`, `menu_code`, `updater`, `update_datetime`, `remark`, `system_code`) values('178','CSWSR201600000000000002','CSWSM201610091627167791','admin',now(),NULL,'CD-CCSW000008');
insert into `tsys_menu_role` (`id`, `role_code`, `menu_code`, `updater`, `update_datetime`, `remark`, `system_code`) values('179','CSWSR201600000000000002','CSWSM2016100916281495530','admin',now(),NULL,'CD-CCSW000008');
insert into `tsys_menu_role` (`id`, `role_code`, `menu_code`, `updater`, `update_datetime`, `remark`, `system_code`) values('180','CSWSR201600000000000002','SM2017032210365773561','admin',now(),NULL,'CD-CCSW000008');
insert into `tsys_menu_role` (`id`, `role_code`, `menu_code`, `updater`, `update_datetime`, `remark`, `system_code`) values('181','CSWSR201600000000000002','SM2017032317151926984','admin',now(),NULL,'CD-CCSW000008');
insert into `tsys_menu_role` (`id`, `role_code`, `menu_code`, `updater`, `update_datetime`, `remark`, `system_code`) values('182','CSWSR201600000000000002','SM2017032317160451827','admin',now(),NULL,'CD-CCSW000008');
insert into `tsys_menu_role` (`id`, `role_code`, `menu_code`, `updater`, `update_datetime`, `remark`, `system_code`) values('183','CSWSR201600000000000002','SM2017032317162894377','admin',now(),NULL,'CD-CCSW000008');
insert into `tsys_menu_role` (`id`, `role_code`, `menu_code`, `updater`, `update_datetime`, `remark`, `system_code`) values('184','CSWSR201600000000000002','SM201703231716515566','admin',now(),NULL,'CD-CCSW000008');
insert into `tsys_menu_role` (`id`, `role_code`, `menu_code`, `updater`, `update_datetime`, `remark`, `system_code`) values('185','CSWSR201600000000000002','SM2017032317172512743','admin',now(),NULL,'CD-CCSW000008');
insert into `tsys_menu_role` (`id`, `role_code`, `menu_code`, `updater`, `update_datetime`, `remark`, `system_code`) values('186','CSWSR201600000000000002','SM2017032813494195921','admin',now(),NULL,'CD-CCSW000008');
insert into `tsys_menu_role` (`id`, `role_code`, `menu_code`, `updater`, `update_datetime`, `remark`, `system_code`) values('187','CSWSR201600000000000002','CSWSM2016100916101269036','admin',now(),NULL,'CD-CCSW000008');
insert into `tsys_menu_role` (`id`, `role_code`, `menu_code`, `updater`, `update_datetime`, `remark`, `system_code`) values('188','CSWSR201600000000000002','CSWSM2016100916294811547','admin',now(),NULL,'CD-CCSW000008');
insert into `tsys_menu_role` (`id`, `role_code`, `menu_code`, `updater`, `update_datetime`, `remark`, `system_code`) values('189','CSWSR201600000000000002','CSWSM2016102011143488156','admin',now(),NULL,'CD-CCSW000008');
insert into `tsys_menu_role` (`id`, `role_code`, `menu_code`, `updater`, `update_datetime`, `remark`, `system_code`) values('190','CSWSR201600000000000002','CSWSM2016102011150391575','admin',now(),NULL,'CD-CCSW000008');
insert into `tsys_menu_role` (`id`, `role_code`, `menu_code`, `updater`, `update_datetime`, `remark`, `system_code`) values('191','CSWSR201600000000000002','CSWSM2016102011154720662','admin',now(),NULL,'CD-CCSW000008');
insert into `tsys_menu_role` (`id`, `role_code`, `menu_code`, `updater`, `update_datetime`, `remark`, `system_code`) values('192','CSWSR201600000000000002','CSWSM2016102011154720663','admin',now(),NULL,'CD-CCSW000008');
insert into `tsys_menu_role` (`id`, `role_code`, `menu_code`, `updater`, `update_datetime`, `remark`, `system_code`) values('193','CSWSR201600000000000002','SM2017032215340757415','admin',now(),NULL,'CD-CCSW000008');
insert into `tsys_menu_role` (`id`, `role_code`, `menu_code`, `updater`, `update_datetime`, `remark`, `system_code`) values('194','CSWSR201600000000000002','SM2017032716182340098','admin',now(),NULL,'CD-CCSW000008');
insert into `tsys_menu_role` (`id`, `role_code`, `menu_code`, `updater`, `update_datetime`, `remark`, `system_code`) values('195','CSWSR201600000000000002','SM2017032716205833740','admin',now(),NULL,'CD-CCSW000008');
insert into `tsys_menu_role` (`id`, `role_code`, `menu_code`, `updater`, `update_datetime`, `remark`, `system_code`) values('196','CSWSR201600000000000002','SM2017032716315881055','admin',now(),NULL,'CD-CCSW000008');
insert into `tsys_menu_role` (`id`, `role_code`, `menu_code`, `updater`, `update_datetime`, `remark`, `system_code`) values('197','CSWSR201600000000000002','SM2017032716322443062','admin',now(),NULL,'CD-CCSW000008');
insert into `tsys_menu_role` (`id`, `role_code`, `menu_code`, `updater`, `update_datetime`, `remark`, `system_code`) values('198','CSWSR201600000000000002','SM201703291051102321','admin',now(),NULL,'CD-CCSW000008');
insert into `tsys_menu_role` (`id`, `role_code`, `menu_code`, `updater`, `update_datetime`, `remark`, `system_code`) values('199','CSWSR201600000000000002','SM2017032910532209575','admin',now(),NULL,'CD-CCSW000008');
insert into `tsys_menu_role` (`id`, `role_code`, `menu_code`, `updater`, `update_datetime`, `remark`, `system_code`) values('200','CSWSR201600000000000002','SM2017032910534395298','admin',now(),NULL,'CD-CCSW000008');
insert into `tsys_menu_role` (`id`, `role_code`, `menu_code`, `updater`, `update_datetime`, `remark`, `system_code`) values('201','CSWSR201600000000000002','SM2017032910543076219','admin',now(),NULL,'CD-CCSW000008');
insert into `tsys_menu_role` (`id`, `role_code`, `menu_code`, `updater`, `update_datetime`, `remark`, `system_code`) values('202','SR2017032111310139261','CSWSM201600000000000000','admin',now(),NULL,'CD-CCSW000008');
insert into `tsys_menu_role` (`id`, `role_code`, `menu_code`, `updater`, `update_datetime`, `remark`, `system_code`) values('203','SR2017032111310139261','CSWSM2016092821543428878','admin',now(),NULL,'CD-CCSW000008');
insert into `tsys_menu_role` (`id`, `role_code`, `menu_code`, `updater`, `update_datetime`, `remark`, `system_code`) values('204','SR2017032111310139261','CSWSM2016100916101269036','admin',now(),NULL,'CD-CCSW000008');
insert into `tsys_menu_role` (`id`, `role_code`, `menu_code`, `updater`, `update_datetime`, `remark`, `system_code`) values('205','SR2017032111310139261','CSWSM2016100916294811547','admin',now(),NULL,'CD-CCSW000008');
insert into `tsys_menu_role` (`id`, `role_code`, `menu_code`, `updater`, `update_datetime`, `remark`, `system_code`) values('206','SR2017032111310139261','CSWSM201612201423474365','admin',now(),NULL,'CD-CCSW000008');



insert into `tsys_menu` (`code`, `name`, `type`, `url`, `order_no`, `updater`, `update_datetime`, `remark`, `parent_code`, `system_code`) values('CSWSM201600000000000000','根目录','1','#','1','admin',now(),NULL,'','CD-CCSW000008');
insert into `tsys_menu` (`code`, `name`, `type`, `url`, `order_no`, `updater`, `update_datetime`, `remark`, `parent_code`, `system_code`) values('CSWSM201600001000000001','系统管理','1','#','1','admin',now(),'','CSWSM201600000000000000','CD-CCSW000008');
insert into `tsys_menu` (`code`, `name`, `type`, `url`, `order_no`, `updater`, `update_datetime`, `remark`, `parent_code`, `system_code`) values('CSWSM2016092821342814761','运营数据','1','#','1','admin',now(),'','CSWSM201600001000000001','CD-CCSW000008');
insert into `tsys_menu` (`code`, `name`, `type`, `url`, `order_no`, `updater`, `update_datetime`, `remark`, `parent_code`, `system_code`) values('CSWSM2016092821345774472','运维数据','1','#','2','admin',now(),'','CSWSM201600001000000001','CD-CCSW000008');
insert into `tsys_menu` (`code`, `name`, `type`, `url`, `order_no`, `updater`, `update_datetime`, `remark`, `parent_code`, `system_code`) values('CSWSM2016092821362061312','角色管理','1','/security/role.htm','1','admin',now(),'','CSWSM2016092821342814761','CD-CCSW000008');
insert into `tsys_menu` (`code`, `name`, `type`, `url`, `order_no`, `updater`, `update_datetime`, `remark`, `parent_code`, `system_code`) values('CSWSM2016092821365831995','用户管理','1','/security/user.htm','2','admin',now(),'','CSWSM2016092821342814761','CD-CCSW000008');
insert into `tsys_menu` (`code`, `name`, `type`, `url`, `order_no`, `updater`, `update_datetime`, `remark`, `parent_code`, `system_code`) values('CSWSM2016092821384689624','导航管理','1','/view/menu.htm','1','admin',now(),'','CSWSM201610091501476418','CD-CCSW000008');
insert into `tsys_menu` (`code`, `name`, `type`, `url`, `order_no`, `updater`, `update_datetime`, `remark`, `parent_code`, `system_code`) values('CSWSM2016092821410784749','菜单管理','1','/security/menu.htm','1','admin',now(),'','CSWSM2016092821345774472','CD-CCSW000008');
insert into `tsys_menu` (`code`, `name`, `type`, `url`, `order_no`, `updater`, `update_datetime`, `remark`, `parent_code`, `system_code`) values('CSWSM2016092821421202683','系统参数管理','1','/general/param.htm','2','admin',now(),'','CSWSM2016092821345774472','CD-CCSW000008');
insert into `tsys_menu` (`code`, `name`, `type`, `url`, `order_no`, `updater`, `update_datetime`, `remark`, `parent_code`, `system_code`) values('CSWSM2016092821432525712','数据字典管理','1','/general/dict.htm','3','admin',now(),'','CSWSM2016092821345774472','CD-CCSW000008');
insert into `tsys_menu` (`code`, `name`, `type`, `url`, `order_no`, `updater`, `update_datetime`, `remark`, `parent_code`, `system_code`) values('CSWSM2016092821542022668','总部管理','1','#','2','admin',now(),'','CSWSM201600000000000000','CD-CCSW000008');
insert into `tsys_menu` (`code`, `name`, `type`, `url`, `order_no`, `updater`, `update_datetime`, `remark`, `parent_code`, `system_code`) values('CSWSM2016092821543428878','地方管理','1','#','3','admin',now(),'','CSWSM201600000000000000','CD-CCSW000008');
insert into `tsys_menu` (`code`, `name`, `type`, `url`, `order_no`, `updater`, `update_datetime`, `remark`, `parent_code`, `system_code`) values('CSWSM2016092821553717238','地方管理','1','#','1','admin',now(),'','CSWSM2016092821542022668','CD-CCSW000008');
insert into `tsys_menu` (`code`, `name`, `type`, `url`, `order_no`, `updater`, `update_datetime`, `remark`, `parent_code`, `system_code`) values('CSWSM2016092821560359584','用户查询','1','#','6','admin',now(),'','CSWSM2016092821542022668','CD-CCSW000008');
insert into `tsys_menu` (`code`, `name`, `type`, `url`, `order_no`, `updater`, `update_datetime`, `remark`, `parent_code`, `system_code`) values('CSWSM2016092821563193328','积分规则','1','#','2','admin',now(),'','CSWSM2016092821542022668','CD-CCSW000008');
insert into `tsys_menu` (`code`, `name`, `type`, `url`, `order_no`, `updater`, `update_datetime`, `remark`, `parent_code`, `system_code`) values('CSWSM2016092821570302668','文明规则','1','#','3','admin',now(),'','CSWSM2016092821542022668','CD-CCSW000008');
insert into `tsys_menu` (`code`, `name`, `type`, `url`, `order_no`, `updater`, `update_datetime`, `remark`, `parent_code`, `system_code`) values('CSWSM2016092821582219970','消息管理','1','#','4','admin',now(),'','CSWSM2016092821542022668','CD-CCSW000008');
insert into `tsys_menu` (`code`, `name`, `type`, `url`, `order_no`, `updater`, `update_datetime`, `remark`, `parent_code`, `system_code`) values('CSWSM2016092821582219971','板块管理','1','#','7','admin',now(),'','CSWSM2016092821542022668','CD-CCSW000008');
insert into `tsys_menu` (`code`, `name`, `type`, `url`, `order_no`, `updater`, `update_datetime`, `remark`, `parent_code`, `system_code`) values('CSWSM2016092821582219972','板块类别','1','/forum/kind.htm','1','admin',now(),NULL,'CSWSM2016092821582219971','CD-CCSW000008');
insert into `tsys_menu` (`code`, `name`, `type`, `url`, `order_no`, `updater`, `update_datetime`, `remark`, `parent_code`, `system_code`) values('CSWSM2016092821582219973','板块管理','1','/forum/board.htm','2','admin',now(),'','CSWSM2016092821582219971','CD-CCSW000008');
insert into `tsys_menu` (`code`, `name`, `type`, `url`, `order_no`, `updater`, `update_datetime`, `remark`, `parent_code`, `system_code`) values('CSWSM2016092821582219974','新增','2','/add','1','admin',now(),NULL,'CSWSM2016092821582219973','CD-CCSW000008');
insert into `tsys_menu` (`code`, `name`, `type`, `url`, `order_no`, `updater`, `update_datetime`, `remark`, `parent_code`, `system_code`) values('CSWSM2016092821582219975','修改','2','/edit','3','admin',now(),'','CSWSM2016092821582219973','CD-CCSW000008');
insert into `tsys_menu` (`code`, `name`, `type`, `url`, `order_no`, `updater`, `update_datetime`, `remark`, `parent_code`, `system_code`) values('CSWSM2016092821582219976','详情','2','/detail','4','admin',now(),'','CSWSM2016092821582219973','CD-CCSW000008');
insert into `tsys_menu` (`code`, `name`, `type`, `url`, `order_no`, `updater`, `update_datetime`, `remark`, `parent_code`, `system_code`) values('CSWSM2016092821582219979','新增','2','/add','0','admin',now(),NULL,'CSWSM2016092821582219972','CD-CCSW000008');
insert into `tsys_menu` (`code`, `name`, `type`, `url`, `order_no`, `updater`, `update_datetime`, `remark`, `parent_code`, `system_code`) values('CSWSM2016092821582219989','修改','2','/edit','1','admin',now(),NULL,'CSWSM2016092821582219972','CD-CCSW000008');
insert into `tsys_menu` (`code`, `name`, `type`, `url`, `order_no`, `updater`, `update_datetime`, `remark`, `parent_code`, `system_code`) values('CSWSM2016092821582219992','详情','2','/detail','3','admin',now(),NULL,'CSWSM2016092821582219972','CD-CCSW000008');
insert into `tsys_menu` (`code`, `name`, `type`, `url`, `order_no`, `updater`, `update_datetime`, `remark`, `parent_code`, `system_code`) values('CSWSM2016092821582219999','删除','2','/delete','2','admin',now(),NULL,'CSWSM2016092821582219972','CD-CCSW000008');
insert into `tsys_menu` (`code`, `name`, `type`, `url`, `order_no`, `updater`, `update_datetime`, `remark`, `parent_code`, `system_code`) values('CSWSM2016092821584799672','导航管理','1','#','4','admin',now(),'','CSWSM2016092821543428878','CD-CCSW000008');
insert into `tsys_menu` (`code`, `name`, `type`, `url`, `order_no`, `updater`, `update_datetime`, `remark`, `parent_code`, `system_code`) values('CSWSM2016092821592671896','文明执行','1','#','1','admin',now(),'','CSWSM2016092821543428878','CD-CCSW000008');
insert into `tsys_menu` (`code`, `name`, `type`, `url`, `order_no`, `updater`, `update_datetime`, `remark`, `parent_code`, `system_code`) values('CSWSM2016092821595564374','消息管理','1','#','3','admin',now(),'','CSWSM2016092821543428878','CD-CCSW000008');
insert into `tsys_menu` (`code`, `name`, `type`, `url`, `order_no`, `updater`, `update_datetime`, `remark`, `parent_code`, `system_code`) values('CSWSM2016092822022426987','新增','2','/add','1','admin',now(),'','CSWSM2016092821362061312','CD-CCSW000008');
insert into `tsys_menu` (`code`, `name`, `type`, `url`, `order_no`, `updater`, `update_datetime`, `remark`, `parent_code`, `system_code`) values('CSWSM2016092822030509720','修改','2','/edit','2','admin',now(),'','CSWSM2016092821362061312','CD-CCSW000008');
insert into `tsys_menu` (`code`, `name`, `type`, `url`, `order_no`, `updater`, `update_datetime`, `remark`, `parent_code`, `system_code`) values('CSWSM2016092822034746375','删除','2','/delete','3','admin',now(),'','CSWSM2016092821362061312','CD-CCSW000008');
insert into `tsys_menu` (`code`, `name`, `type`, `url`, `order_no`, `updater`, `update_datetime`, `remark`, `parent_code`, `system_code`) values('CSWSM2016092822044058332','分配菜单','2','/change','4','admin',now(),'','CSWSM2016092821362061312','CD-CCSW000008');
insert into `tsys_menu` (`code`, `name`, `type`, `url`, `order_no`, `updater`, `update_datetime`, `remark`, `parent_code`, `system_code`) values('CSWSM2016092823294360078','修改','2','/edit','1','admin',now(),'','CSWSM2016092821410784749','CD-CCSW000008');
insert into `tsys_menu` (`code`, `name`, `type`, `url`, `order_no`, `updater`, `update_datetime`, `remark`, `parent_code`, `system_code`) values('CSWSM2016100914553600455','修改','2','/edit','1','admin',now(),'','CSWSM2016092821421202683','CD-CCSW000008');
insert into `tsys_menu` (`code`, `name`, `type`, `url`, `order_no`, `updater`, `update_datetime`, `remark`, `parent_code`, `system_code`) values('CSWSM201610091501476418','导航管理','1','#','5','admin',now(),'','CSWSM2016092821542022668','CD-CCSW000008');
insert into `tsys_menu` (`code`, `name`, `type`, `url`, `order_no`, `updater`, `update_datetime`, `remark`, `parent_code`, `system_code`) values('CSWSM2016100915052716145','修改','2','/edit','2','admin',now(),'','CSWSM2016092821384689624','CD-CCSW000008');
insert into `tsys_menu` (`code`, `name`, `type`, `url`, `order_no`, `updater`, `update_datetime`, `remark`, `parent_code`, `system_code`) values('CSWSM2016100915055099756','详情','2','/detail','3','admin',now(),'','CSWSM2016092821384689624','CD-CCSW000008');
insert into `tsys_menu` (`code`, `name`, `type`, `url`, `order_no`, `updater`, `update_datetime`, `remark`, `parent_code`, `system_code`) values('CSWSM2016100915223779358','积分规则','1','/rule/score.htm','1','admin',now(),'','CSWSM2016092821563193328','CD-CCSW000008');
insert into `tsys_menu` (`code`, `name`, `type`, `url`, `order_no`, `updater`, `update_datetime`, `remark`, `parent_code`, `system_code`) values('CSWSM2016100915231396881','修改','2','/edit','1','admin',now(),'','CSWSM2016100915223779358','CD-CCSW000008');
insert into `tsys_menu` (`code`, `name`, `type`, `url`, `order_no`, `updater`, `update_datetime`, `remark`, `parent_code`, `system_code`) values('CSWSM2016100915414279820','关键字过滤','1','/rule/keyword.htm','1','admin',now(),'','CSWSM2016092821570302668','CD-CCSW000008');
insert into `tsys_menu` (`code`, `name`, `type`, `url`, `order_no`, `updater`, `update_datetime`, `remark`, `parent_code`, `system_code`) values('CSWSM2016100915422733356','新增','2','/add','1','admin',now(),'','CSWSM2016100915414279820','CD-CCSW000008');
insert into `tsys_menu` (`code`, `name`, `type`, `url`, `order_no`, `updater`, `update_datetime`, `remark`, `parent_code`, `system_code`) values('CSWSM2016100915425403738','修改','2','/edit','2','admin',now(),'','CSWSM2016100915414279820','CD-CCSW000008');
insert into `tsys_menu` (`code`, `name`, `type`, `url`, `order_no`, `updater`, `update_datetime`, `remark`, `parent_code`, `system_code`) values('CSWSM2016100915433568936','删除','2','/delete','3','admin',now(),'','CSWSM2016100915414279820','CD-CCSW000008');
insert into `tsys_menu` (`code`, `name`, `type`, `url`, `order_no`, `updater`, `update_datetime`, `remark`, `parent_code`, `system_code`) values('CSWSM2016100915435764683','详情','2','/detail','4','admin',now(),'','CSWSM2016100915414279820','CD-CCSW000008');
insert into `tsys_menu` (`code`, `name`, `type`, `url`, `order_no`, `updater`, `update_datetime`, `remark`, `parent_code`, `system_code`) values('CSWSM2016100915481702722','举报规则','1','/rule/report.htm','2','admin',now(),'','CSWSM2016092821570302668','CD-CCSW000008');
insert into `tsys_menu` (`code`, `name`, `type`, `url`, `order_no`, `updater`, `update_datetime`, `remark`, `parent_code`, `system_code`) values('CSWSM2016100915485930525','用户组管理','1','/user/level.htm','3','admin',now(),'','CSWSM2016092821570302668','CD-CCSW000008');
insert into `tsys_menu` (`code`, `name`, `type`, `url`, `order_no`, `updater`, `update_datetime`, `remark`, `parent_code`, `system_code`) values('CSWSM2016100915504442941','修改','2','/edit','1','admin',now(),'','CSWSM2016100915481702722','CD-CCSW000008');
insert into `tsys_menu` (`code`, `name`, `type`, `url`, `order_no`, `updater`, `update_datetime`, `remark`, `parent_code`, `system_code`) values('CSWSM2016100915512764682','修改','2','/edit','2','admin',now(),'','CSWSM2016100915485930525','CD-CCSW000008');
insert into `tsys_menu` (`code`, `name`, `type`, `url`, `order_no`, `updater`, `update_datetime`, `remark`, `parent_code`, `system_code`) values('CSWSM2016100915521323063','详情','2','/detail','4','admin',now(),'','CSWSM2016100915485930525','CD-CCSW000008');
insert into `tsys_menu` (`code`, `name`, `type`, `url`, `order_no`, `updater`, `update_datetime`, `remark`, `parent_code`, `system_code`) values('CSWSM2016100916013626119','用户查询','1','/user/customer.htm','1','admin',now(),'','CSWSM2016092821560359584','CD-CCSW000008');
insert into `tsys_menu` (`code`, `name`, `type`, `url`, `order_no`, `updater`, `update_datetime`, `remark`, `parent_code`, `system_code`) values('CSWSM2016100916091382814','商城管理','1','#','2','admin',now(),'','CSWSM2016092821543428878','CD-CCSW000008');
insert into `tsys_menu` (`code`, `name`, `type`, `url`, `order_no`, `updater`, `update_datetime`, `remark`, `parent_code`, `system_code`) values('CSWSM2016100916101269036','用户查询','1','#','5','admin',now(),'','CSWSM2016092821543428878','CD-CCSW000008');
insert into `tsys_menu` (`code`, `name`, `type`, `url`, `order_no`, `updater`, `update_datetime`, `remark`, `parent_code`, `system_code`) values('CSWSM2016100916121992653','帖子管理','1','/forum/post.htm','4','admin',now(),'','CSWSM2016092821592671896','CD-CCSW000008');
insert into `tsys_menu` (`code`, `name`, `type`, `url`, `order_no`, `updater`, `update_datetime`, `remark`, `parent_code`, `system_code`) values('CSWSM2016100916145734721','板块管理','1','/forum/board2.html?b=1','3','admin',now(),'','CSWSM2016092821592671896','CD-CCSW000008');
insert into `tsys_menu` (`code`, `name`, `type`, `url`, `order_no`, `updater`, `update_datetime`, `remark`, `parent_code`, `system_code`) values('CSWSM2016100916160734287','新增','2','/add','1','admin',now(),'','CSWSM2016100916145734721','CD-CCSW000008');
insert into `tsys_menu` (`code`, `name`, `type`, `url`, `order_no`, `updater`, `update_datetime`, `remark`, `parent_code`, `system_code`) values('CSWSM2016100916241875835','商品管理','1','/store/product.htm','1','admin',now(),'','CSWSM2016100916091382814','CD-CCSW000008');
insert into `tsys_menu` (`code`, `name`, `type`, `url`, `order_no`, `updater`, `update_datetime`, `remark`, `parent_code`, `system_code`) values('CSWSM2016100916244454597','新增','2','/add','1','admin',now(),'','CSWSM2016100916241875835','CD-CCSW000008');
insert into `tsys_menu` (`code`, `name`, `type`, `url`, `order_no`, `updater`, `update_datetime`, `remark`, `parent_code`, `system_code`) values('CSWSM2016100916250553765','修改','2','/edit2','2','admin',now(),'','CSWSM2016100916241875835','CD-CCSW000008');
insert into `tsys_menu` (`code`, `name`, `type`, `url`, `order_no`, `updater`, `update_datetime`, `remark`, `parent_code`, `system_code`) values('CSWSM2016100916252159110','删除','2','/delete2','3','admin',now(),'','CSWSM2016100916241875835','CD-CCSW000008');
insert into `tsys_menu` (`code`, `name`, `type`, `url`, `order_no`, `updater`, `update_datetime`, `remark`, `parent_code`, `system_code`) values('CSWSM201610091627167791','订单处理','1','/store/order.htm','2','admin',now(),'','CSWSM2016100916091382814','CD-CCSW000008');
insert into `tsys_menu` (`code`, `name`, `type`, `url`, `order_no`, `updater`, `update_datetime`, `remark`, `parent_code`, `system_code`) values('CSWSM2016100916281495530','处理','2','/action','1','admin',now(),'','CSWSM201610091627167791','CD-CCSW000008');
insert into `tsys_menu` (`code`, `name`, `type`, `url`, `order_no`, `updater`, `update_datetime`, `remark`, `parent_code`, `system_code`) values('CSWSM2016100916294811547','用户查询','1','/user/customer2.htm','1','admin',now(),'','CSWSM2016100916101269036','CD-CCSW000008');
insert into `tsys_menu` (`code`, `name`, `type`, `url`, `order_no`, `updater`, `update_datetime`, `remark`, `parent_code`, `system_code`) values('CSWSM2016101108062331471','修改','2','/edit','2','admin',now(),'','CSWSM2016100916145734721','CD-CCSW000008');
insert into `tsys_menu` (`code`, `name`, `type`, `url`, `order_no`, `updater`, `update_datetime`, `remark`, `parent_code`, `system_code`) values('CSWSM2016101114292608568','删除','2','/delete','3','admin',now(),'','CSWSM2016101403064885124','CD-CCSW000008');
insert into `tsys_menu` (`code`, `name`, `type`, `url`, `order_no`, `updater`, `update_datetime`, `remark`, `parent_code`, `system_code`) values('CSWSM201610131123478618','详情','2','/detail','4','admin',now(),'','CSWSM2016100916241875835','CD-CCSW000008');
insert into `tsys_menu` (`code`, `name`, `type`, `url`, `order_no`, `updater`, `update_datetime`, `remark`, `parent_code`, `system_code`) values('CSWSM2016101311245718432','上架','2','/up','5','admin',now(),'','CSWSM2016100916241875835','CD-CCSW000008');
insert into `tsys_menu` (`code`, `name`, `type`, `url`, `order_no`, `updater`, `update_datetime`, `remark`, `parent_code`, `system_code`) values('CSWSM2016101403000449381','新增','2','/add','1','admin',now(),'','CSWSM2016092821365831995','CD-CCSW000008');
insert into `tsys_menu` (`code`, `name`, `type`, `url`, `order_no`, `updater`, `update_datetime`, `remark`, `parent_code`, `system_code`) values('CSWSM201610140301522469','重置密码','2','/reset','3','admin',now(),'','CSWSM2016092821365831995','CD-CCSW000008');
insert into `tsys_menu` (`code`, `name`, `type`, `url`, `order_no`, `updater`, `update_datetime`, `remark`, `parent_code`, `system_code`) values('CSWSM2016101403040235885','注销/激活','2','/rock','4','admin',now(),'','CSWSM2016092821365831995','CD-CCSW000008');
insert into `tsys_menu` (`code`, `name`, `type`, `url`, `order_no`, `updater`, `update_datetime`, `remark`, `parent_code`, `system_code`) values('CSWSM2016101403052639778','设置角色','2','/assign','5','admin',now(),'','CSWSM2016092821365831995','CD-CCSW000008');
insert into `tsys_menu` (`code`, `name`, `type`, `url`, `order_no`, `updater`, `update_datetime`, `remark`, `parent_code`, `system_code`) values('CSWSM2016101403064885124','城市管理','1','/general/city.htm','1','admin',now(),'','CSWSM2016092821553717238','CD-CCSW000008');
insert into `tsys_menu` (`code`, `name`, `type`, `url`, `order_no`, `updater`, `update_datetime`, `remark`, `parent_code`, `system_code`) values('CSWSM2016101403072489983','新增','2','/add','1','admin',now(),'','CSWSM2016101403064885124','CD-CCSW000008');
insert into `tsys_menu` (`code`, `name`, `type`, `url`, `order_no`, `updater`, `update_datetime`, `remark`, `parent_code`, `system_code`) values('CSWSM2016101403075618423','修改','2','/edit','2','admin',now(),'','CSWSM2016101403064885124','CD-CCSW000008');
insert into `tsys_menu` (`code`, `name`, `type`, `url`, `order_no`, `updater`, `update_datetime`, `remark`, `parent_code`, `system_code`) values('CSWSM2016101403080803191','修改','2','/edit','1','admin',now(),'','CSWSM2016092821432525712','CD-CCSW000008');
insert into `tsys_menu` (`code`, `name`, `type`, `url`, `order_no`, `updater`, `update_datetime`, `remark`, `parent_code`, `system_code`) values('CSWSM2016101403085360130','详情','2','/detail','4','admin',now(),'','CSWSM2016101403064885124','CD-CCSW000008');
insert into `tsys_menu` (`code`, `name`, `type`, `url`, `order_no`, `updater`, `update_datetime`, `remark`, `parent_code`, `system_code`) values('CSWSM2016101403092984034','默认设置','2','/default','5','admin',now(),'','CSWSM2016101403064885124','CD-CCSW000008');
insert into `tsys_menu` (`code`, `name`, `type`, `url`, `order_no`, `updater`, `update_datetime`, `remark`, `parent_code`, `system_code`) values('CSWSM2016101404423631536','导航管理','1','/view/menu.html?b=1','1','admin',now(),'','CSWSM2016092821584799672','CD-CCSW000008');
insert into `tsys_menu` (`code`, `name`, `type`, `url`, `order_no`, `updater`, `update_datetime`, `remark`, `parent_code`, `system_code`) values('CSWSM2016101404444655681','修改','2','/edit','2','admin',now(),'','CSWSM2016101404423631536','CD-CCSW000008');
insert into `tsys_menu` (`code`, `name`, `type`, `url`, `order_no`, `updater`, `update_datetime`, `remark`, `parent_code`, `system_code`) values('CSWSM2016101404450438722','详情','2','/detail','3','admin',now(),'','CSWSM2016101404423631536','CD-CCSW000008');
insert into `tsys_menu` (`code`, `name`, `type`, `url`, `order_no`, `updater`, `update_datetime`, `remark`, `parent_code`, `system_code`) values('CSWSM2016102011060812993','新增','2','/add2','1','admin','2017-04-07 17:39:23','','CSWSM2016100916013626119','CD-CCSW000008');
insert into `tsys_menu` (`code`, `name`, `type`, `url`, `order_no`, `updater`, `update_datetime`, `remark`, `parent_code`, `system_code`) values('CSWSM2016102011064964715','禁登录','2','/lock','2','admin',now(),'','CSWSM2016100916013626119','CD-CCSW000008');
insert into `tsys_menu` (`code`, `name`, `type`, `url`, `order_no`, `updater`, `update_datetime`, `remark`, `parent_code`, `system_code`) values('CSWSM2016102011074960231','详情','2','/detail2','3','admin',now(),'','CSWSM2016100916013626119','CD-CCSW000008');
insert into `tsys_menu` (`code`, `name`, `type`, `url`, `order_no`, `updater`, `update_datetime`, `remark`, `parent_code`, `system_code`) values('CSWSM2016102011143488156','新增','2','/add','1','admin',now(),'','CSWSM2016100916294811547','CD-CCSW000008');
insert into `tsys_menu` (`code`, `name`, `type`, `url`, `order_no`, `updater`, `update_datetime`, `remark`, `parent_code`, `system_code`) values('CSWSM2016102011150391575','禁登录','2','/lock','2','admin',now(),'','CSWSM2016100916294811547','CD-CCSW000008');
insert into `tsys_menu` (`code`, `name`, `type`, `url`, `order_no`, `updater`, `update_datetime`, `remark`, `parent_code`, `system_code`) values('CSWSM2016102011154720662','详情','2','/detail2','4','admin',now(),'','CSWSM2016100916294811547','CD-CCSW000008');
insert into `tsys_menu` (`code`, `name`, `type`, `url`, `order_no`, `updater`, `update_datetime`, `remark`, `parent_code`, `system_code`) values('CSWSM2016102011154720663','修改隶属地','2','/edit2','3','admin',now(),'','CSWSM2016100916294811547','CD-CCSW000008');
insert into `tsys_menu` (`code`, `name`, `type`, `url`, `order_no`, `updater`, `update_datetime`, `remark`, `parent_code`, `system_code`) values('CSWSM2016102014042498646','详情','2','/detail','4','admin',now(),'','CSWSM2016100916145734721','CD-CCSW000008');
insert into `tsys_menu` (`code`, `name`, `type`, `url`, `order_no`, `updater`, `update_datetime`, `remark`, `parent_code`, `system_code`) values('CSWSM201610231500322171','置顶/取消','2','/top','1','admin',now(),'','CSWSM2016100916121992653','CD-CCSW000008');
insert into `tsys_menu` (`code`, `name`, `type`, `url`, `order_no`, `updater`, `update_datetime`, `remark`, `parent_code`, `system_code`) values('CSWSM2016102315091640096','精华/取消','2','/digest','2','admin',now(),'','CSWSM2016100916121992653','CD-CCSW000008');
insert into `tsys_menu` (`code`, `name`, `type`, `url`, `order_no`, `updater`, `update_datetime`, `remark`, `parent_code`, `system_code`) values('CSWSM2016102315094472925','转版','2','/change','3','admin',now(),'','CSWSM2016100916121992653','CD-CCSW000008');
insert into `tsys_menu` (`code`, `name`, `type`, `url`, `order_no`, `updater`, `update_datetime`, `remark`, `parent_code`, `system_code`) values('CSWSM2016102315103179381','锁帖/取消','2','/lock','4','admin',now(),'','CSWSM2016100916121992653','CD-CCSW000008');
insert into `tsys_menu` (`code`, `name`, `type`, `url`, `order_no`, `updater`, `update_datetime`, `remark`, `parent_code`, `system_code`) values('CSWSM2016102315111143910','头条/取消','2','/headline','5','admin',now(),'','CSWSM2016100916121992653','CD-CCSW000008');
insert into `tsys_menu` (`code`, `name`, `type`, `url`, `order_no`, `updater`, `update_datetime`, `remark`, `parent_code`, `system_code`) values('CSWSM2016102315125303658','批量删除','2','/multidelete','5','admin',now(),'','CSWSM2016100916121992653','CD-CCSW000008');
insert into `tsys_menu` (`code`, `name`, `type`, `url`, `order_no`, `updater`, `update_datetime`, `remark`, `parent_code`, `system_code`) values('CSWSM2016102317263644357','帖子回收站','1','/forum/postrecycle.htm','5','admin',now(),'','CSWSM2016092821592671896','CD-CCSW000008');
insert into `tsys_menu` (`code`, `name`, `type`, `url`, `order_no`, `updater`, `update_datetime`, `remark`, `parent_code`, `system_code`) values('CSWSM2016102317284048726','还原','2','/restore','1','admin',now(),'','CSWSM2016102317263644357','CD-CCSW000008');
insert into `tsys_menu` (`code`, `name`, `type`, `url`, `order_no`, `updater`, `update_datetime`, `remark`, `parent_code`, `system_code`) values('CSWSM2016102317290727498','彻底删除','2','/fdelete','2','admin',now(),'','CSWSM2016102317263644357','CD-CCSW000008');
insert into `tsys_menu` (`code`, `name`, `type`, `url`, `order_no`, `updater`, `update_datetime`, `remark`, `parent_code`, `system_code`) values('CSWSM2016102318523143152','帖子审查','1','/forum/ccheck.htm','1','admin',now(),'','CSWSM2016092821592671896','CD-CCSW000008');
insert into `tsys_menu` (`code`, `name`, `type`, `url`, `order_no`, `updater`, `update_datetime`, `remark`, `parent_code`, `system_code`) values('CSWSM2016102318534564231','评论审查','1','/forum/comcheck.htm','2','admin',now(),'','CSWSM2016092821592671896','CD-CCSW000008');
insert into `tsys_menu` (`code`, `name`, `type`, `url`, `order_no`, `updater`, `update_datetime`, `remark`, `parent_code`, `system_code`) values('CSWSM2016102318581959942','审查','2','/check2','1','admin',now(),'','CSWSM2016102318523143152','CD-CCSW000008');
insert into `tsys_menu` (`code`, `name`, `type`, `url`, `order_no`, `updater`, `update_datetime`, `remark`, `parent_code`, `system_code`) values('CSWSM201610231858541205','批量审查','2','/multicheck','2','admin',now(),'','CSWSM2016102318523143152','CD-CCSW000008');
insert into `tsys_menu` (`code`, `name`, `type`, `url`, `order_no`, `updater`, `update_datetime`, `remark`, `parent_code`, `system_code`) values('CSWSM2016102318591599199','审查','2','/check2','1','admin',now(),'','CSWSM2016102318534564231','CD-CCSW000008');
insert into `tsys_menu` (`code`, `name`, `type`, `url`, `order_no`, `updater`, `update_datetime`, `remark`, `parent_code`, `system_code`) values('CSWSM2016102319000078279','批量审查','2','/multicheck','2','admin',now(),'','CSWSM2016102318534564231','CD-CCSW000008');
insert into `tsys_menu` (`code`, `name`, `type`, `url`, `order_no`, `updater`, `update_datetime`, `remark`, `parent_code`, `system_code`) values('CSWSM2016111610310639643','修改隶属地','2','/edit2','3','admin',now(),'','CSWSM2016100916013626119','CD-CCSW000008');
insert into `tsys_menu` (`code`, `name`, `type`, `url`, `order_no`, `updater`, `update_datetime`, `remark`, `parent_code`, `system_code`) values('CSWSM2016111710052216322','版块类别','1','/forum/kind2.html?b=1','2','admin',now(),'','CSWSM2016092821592671896','CD-CCSW000008');
insert into `tsys_menu` (`code`, `name`, `type`, `url`, `order_no`, `updater`, `update_datetime`, `remark`, `parent_code`, `system_code`) values('CSWSM2016111710055258697','新增','2','/add','1','admin',now(),'','CSWSM2016111710052216322','CD-CCSW000008');
insert into `tsys_menu` (`code`, `name`, `type`, `url`, `order_no`, `updater`, `update_datetime`, `remark`, `parent_code`, `system_code`) values('CSWSM2016111710061147281','修改','2','/edit','2','admin',now(),'','CSWSM2016111710052216322','CD-CCSW000008');
insert into `tsys_menu` (`code`, `name`, `type`, `url`, `order_no`, `updater`, `update_datetime`, `remark`, `parent_code`, `system_code`) values('CSWSM2016111710063033450','删除','2','/delete','3','admin',now(),'','CSWSM2016111710052216322','CD-CCSW000008');
insert into `tsys_menu` (`code`, `name`, `type`, `url`, `order_no`, `updater`, `update_datetime`, `remark`, `parent_code`, `system_code`) values('CSWSM2016111710070679281','详情','2','/detail','4','admin',now(),'','CSWSM2016111710052216322','CD-CCSW000008');
insert into `tsys_menu` (`code`, `name`, `type`, `url`, `order_no`, `updater`, `update_datetime`, `remark`, `parent_code`, `system_code`) values('SM2017032111245032523','新增','2','/add','0','admin',now(),'','CSWSM2016092821410784749','CD-CCSW000008');
insert into `tsys_menu` (`code`, `name`, `type`, `url`, `order_no`, `updater`, `update_datetime`, `remark`, `parent_code`, `system_code`) values('SM2017032114252746110','系统消息','1','/message/news.htm','0','admin',now(),'','CSWSM2016092821582219970','CD-CCSW000008');
insert into `tsys_menu` (`code`, `name`, `type`, `url`, `order_no`, `updater`, `update_datetime`, `remark`, `parent_code`, `system_code`) values('SM2017032115040589288','app推送','1','/message/notice.htm','2','admin',now(),'','CSWSM2016092821582219970','CD-CCSW000008');
insert into `tsys_menu` (`code`, `name`, `type`, `url`, `order_no`, `updater`, `update_datetime`, `remark`, `parent_code`, `system_code`) values('SM2017032115422786953','删除','2','/delete','2','admin',now(),'','CSWSM2016092821582219973','CD-CCSW000008');
insert into `tsys_menu` (`code`, `name`, `type`, `url`, `order_no`, `updater`, `update_datetime`, `remark`, `parent_code`, `system_code`) values('SM2017032210365773561','导出','2','/export','2','admin',now(),'','CSWSM201610091627167791','CD-CCSW000008');
insert into `tsys_menu` (`code`, `name`, `type`, `url`, `order_no`, `updater`, `update_datetime`, `remark`, `parent_code`, `system_code`) values('SM2017032210424587688','系统消息','1','/message/news.htm','1','admin',now(),'','CSWSM2016092821595564374','CD-CCSW000008');
insert into `tsys_menu` (`code`, `name`, `type`, `url`, `order_no`, `updater`, `update_datetime`, `remark`, `parent_code`, `system_code`) values('SM2017032210441733544','app推送','1','/message/notice.html?b=1','2','admin',now(),'','CSWSM2016092821595564374','CD-CCSW000008');
insert into `tsys_menu` (`code`, `name`, `type`, `url`, `order_no`, `updater`, `update_datetime`, `remark`, `parent_code`, `system_code`) values('SM2017032215053284154','激活','2','/active','2','admin',now(),'','CSWSM2016100916013626119','CD-CCSW000008');
insert into `tsys_menu` (`code`, `name`, `type`, `url`, `order_no`, `updater`, `update_datetime`, `remark`, `parent_code`, `system_code`) values('SM2017032215340757415','激活','2','/active','2','admin',now(),'','CSWSM2016100916294811547','CD-CCSW000008');
insert into `tsys_menu` (`code`, `name`, `type`, `url`, `order_no`, `updater`, `update_datetime`, `remark`, `parent_code`, `system_code`) values('SM2017032314220600855','子系统管理','1','/view/system.htm','2','admin',now(),'','CSWSM201610091501476418','CD-CCSW000008');
insert into `tsys_menu` (`code`, `name`, `type`, `url`, `order_no`, `updater`, `update_datetime`, `remark`, `parent_code`, `system_code`) values('SM2017032314230626997','修改','2','/edit','1','admin',now(),'','SM2017032314220600855','CD-CCSW000008');
insert into `tsys_menu` (`code`, `name`, `type`, `url`, `order_no`, `updater`, `update_datetime`, `remark`, `parent_code`, `system_code`) values('SM201703231423331186','详情','2','/detail','2','admin',now(),'','SM2017032314220600855','CD-CCSW000008');
insert into `tsys_menu` (`code`, `name`, `type`, `url`, `order_no`, `updater`, `update_datetime`, `remark`, `parent_code`, `system_code`) values('SM2017032314343899881','banner管理','1','/view/banner.htm','3','admin',now(),'','CSWSM201610091501476418','CD-CCSW000008');
insert into `tsys_menu` (`code`, `name`, `type`, `url`, `order_no`, `updater`, `update_datetime`, `remark`, `parent_code`, `system_code`) values('SM2017032314351134956','修改','2','/edit','1','admin',now(),'','SM2017032314343899881','CD-CCSW000008');
insert into `tsys_menu` (`code`, `name`, `type`, `url`, `order_no`, `updater`, `update_datetime`, `remark`, `parent_code`, `system_code`) values('SM2017032314352699235','详情','2','/detail','2','admin',now(),'','SM2017032314343899881','CD-CCSW000008');
insert into `tsys_menu` (`code`, `name`, `type`, `url`, `order_no`, `updater`, `update_datetime`, `remark`, `parent_code`, `system_code`) values('SM2017032314581394935','子系统管理','1','/view/system.html?b=1','2','admin',now(),'','CSWSM2016092821584799672','CD-CCSW000008');
insert into `tsys_menu` (`code`, `name`, `type`, `url`, `order_no`, `updater`, `update_datetime`, `remark`, `parent_code`, `system_code`) values('SM2017032314584400487','修改','2','/edit','1','admin',now(),'','SM2017032314581394935','CD-CCSW000008');
insert into `tsys_menu` (`code`, `name`, `type`, `url`, `order_no`, `updater`, `update_datetime`, `remark`, `parent_code`, `system_code`) values('SM2017032314590467836','详情','2','/detail','2','admin',now(),'','SM2017032314581394935','CD-CCSW000008');
insert into `tsys_menu` (`code`, `name`, `type`, `url`, `order_no`, `updater`, `update_datetime`, `remark`, `parent_code`, `system_code`) values('SM2017032314595329115','banner管理','1','/view/banner.html?b=1','3','admin',now(),'','CSWSM2016092821584799672','CD-CCSW000008');
insert into `tsys_menu` (`code`, `name`, `type`, `url`, `order_no`, `updater`, `update_datetime`, `remark`, `parent_code`, `system_code`) values('SM2017032315003236015','修改','2','/edit','1','admin',now(),'','SM2017032314595329115','CD-CCSW000008');
insert into `tsys_menu` (`code`, `name`, `type`, `url`, `order_no`, `updater`, `update_datetime`, `remark`, `parent_code`, `system_code`) values('SM2017032315005250478','详情','2','/detail','2','admin',now(),'','SM2017032314595329115','CD-CCSW000008');
insert into `tsys_menu` (`code`, `name`, `type`, `url`, `order_no`, `updater`, `update_datetime`, `remark`, `parent_code`, `system_code`) values('SM2017032317151926984','商品类别','1','/store/kind.html?b=1','0','admin',now(),'','CSWSM2016100916091382814','CD-CCSW000008');
insert into `tsys_menu` (`code`, `name`, `type`, `url`, `order_no`, `updater`, `update_datetime`, `remark`, `parent_code`, `system_code`) values('SM2017032317160451827','新增','2','/add','0','admin',now(),'','SM2017032317151926984','CD-CCSW000008');
insert into `tsys_menu` (`code`, `name`, `type`, `url`, `order_no`, `updater`, `update_datetime`, `remark`, `parent_code`, `system_code`) values('SM2017032317162894377','修改','2','/edit2','1','admin',now(),'','SM2017032317151926984','CD-CCSW000008');
insert into `tsys_menu` (`code`, `name`, `type`, `url`, `order_no`, `updater`, `update_datetime`, `remark`, `parent_code`, `system_code`) values('SM201703231716515566','上架','2','/up','3','admin',now(),'','SM2017032317151926984','CD-CCSW000008');
insert into `tsys_menu` (`code`, `name`, `type`, `url`, `order_no`, `updater`, `update_datetime`, `remark`, `parent_code`, `system_code`) values('SM2017032317172512743','详情','2','/detail','5','admin',now(),'','SM2017032317151926984','CD-CCSW000008');
insert into `tsys_menu` (`code`, `name`, `type`, `url`, `order_no`, `updater`, `update_datetime`, `remark`, `parent_code`, `system_code`) values('SM201703231758295414','下架','2','/down','6','admin',now(),'','CSWSM2016100916241875835','CD-CCSW000008');
insert into `tsys_menu` (`code`, `name`, `type`, `url`, `order_no`, `updater`, `update_datetime`, `remark`, `parent_code`, `system_code`) values('SM2017032411015557514','删除','2','/delete','2','admin',now(),'','CSWSM2016100916145734721','CD-CCSW000008');
insert into `tsys_menu` (`code`, `name`, `type`, `url`, `order_no`, `updater`, `update_datetime`, `remark`, `parent_code`, `system_code`) values('SM2017032716182340098','视频管理','1','#','6','admin',now(),'','CSWSM2016092821543428878','CD-CCSW000008');
insert into `tsys_menu` (`code`, `name`, `type`, `url`, `order_no`, `updater`, `update_datetime`, `remark`, `parent_code`, `system_code`) values('SM2017032716205833740','视频管理','1','/view/move.htm','1','admin',now(),'','SM2017032716182340098','CD-CCSW000008');
insert into `tsys_menu` (`code`, `name`, `type`, `url`, `order_no`, `updater`, `update_datetime`, `remark`, `parent_code`, `system_code`) values('SM2017032716315881055','修改','2','/edit','1','admin',now(),'','SM2017032716205833740','CD-CCSW000008');
insert into `tsys_menu` (`code`, `name`, `type`, `url`, `order_no`, `updater`, `update_datetime`, `remark`, `parent_code`, `system_code`) values('SM2017032716322443062','详情','2','/detail','2','admin',now(),'','SM2017032716205833740','CD-CCSW000008');
insert into `tsys_menu` (`code`, `name`, `type`, `url`, `order_no`, `updater`, `update_datetime`, `remark`, `parent_code`, `system_code`) values('SM2017032717570654979','发布/撤下','2','/push','1','admin',now(),'','SM2017032114252746110','CD-CCSW000008');
insert into `tsys_menu` (`code`, `name`, `type`, `url`, `order_no`, `updater`, `update_datetime`, `remark`, `parent_code`, `system_code`) values('SM2017032813494195921','下架','2','/down','4','admin',now(),'','SM2017032317151926984','CD-CCSW000008');
insert into `tsys_menu` (`code`, `name`, `type`, `url`, `order_no`, `updater`, `update_datetime`, `remark`, `parent_code`, `system_code`) values('SM201703291051102321','新增','2','/add','0','admin',now(),'','SM2017032716205833740','CD-CCSW000008');
insert into `tsys_menu` (`code`, `name`, `type`, `url`, `order_no`, `updater`, `update_datetime`, `remark`, `parent_code`, `system_code`) values('SM2017032910532209575','上架','2','/up','3','admin',now(),'','SM2017032716205833740','CD-CCSW000008');
insert into `tsys_menu` (`code`, `name`, `type`, `url`, `order_no`, `updater`, `update_datetime`, `remark`, `parent_code`, `system_code`) values('SM2017032910534395298','下架','2','/down','4','admin',now(),'','SM2017032716205833740','CD-CCSW000008');
insert into `tsys_menu` (`code`, `name`, `type`, `url`, `order_no`, `updater`, `update_datetime`, `remark`, `parent_code`, `system_code`) values('SM2017032910543076219','删除','2','/delete2','5','admin',now(),'','SM2017032716205833740','CD-CCSW000008');
insert into `tsys_menu` (`code`, `name`, `type`, `url`, `order_no`, `updater`, `update_datetime`, `remark`, `parent_code`, `system_code`) values('SM2017033010574899578','删除','2','/delete2','3','admin',now(),'','CSWSM2016102318534564231','CD-CCSW000008');
insert into `tsys_menu` (`code`, `name`, `type`, `url`, `order_no`, `updater`, `update_datetime`, `remark`, `parent_code`, `system_code`) values('SM2017033011245545796','新增','2','/add','0','admin',now(),'','SM2017032114252746110','CD-CCSW000008');
insert into `tsys_menu` (`code`, `name`, `type`, `url`, `order_no`, `updater`, `update_datetime`, `remark`, `parent_code`, `system_code`) values('SM2017033011252473582','修改','2','/edit2','1','admin',now(),'','SM2017032114252746110','CD-CCSW000008');
insert into `tsys_menu` (`code`, `name`, `type`, `url`, `order_no`, `updater`, `update_datetime`, `remark`, `parent_code`, `system_code`) values('SM2017033014320607542','发送','2','/push','1','admin',now(),'','SM2017032115040589288','CD-CCSW000008');
insert into `tsys_menu` (`code`, `name`, `type`, `url`, `order_no`, `updater`, `update_datetime`, `remark`, `parent_code`, `system_code`) values('SM2017033111032560435','新增','2','/add','1','admin',now(),'','SM2017032210424587688','CD-CCSW000008');
insert into `tsys_menu` (`code`, `name`, `type`, `url`, `order_no`, `updater`, `update_datetime`, `remark`, `parent_code`, `system_code`) values('SM2017033111035700272','发布/撤下','2','/push','2','admin',now(),'','SM2017032210424587688','CD-CCSW000008');
insert into `tsys_menu` (`code`, `name`, `type`, `url`, `order_no`, `updater`, `update_datetime`, `remark`, `parent_code`, `system_code`) values('SM2017033111042867727','修改','2','/edit2','3','admin',now(),'','SM2017032210424587688','CD-CCSW000008');
insert into `tsys_menu` (`code`, `name`, `type`, `url`, `order_no`, `updater`, `update_datetime`, `remark`, `parent_code`, `system_code`) values('SM2017033111055501544','发送','2','/push','1','admin',now(),'','SM2017032210441733544','CD-CCSW000008');




insert into `tsys_dict` (`id`, `type`, `parent_key`, `dkey`, `dvalue`, `updater`, `update_datetime`, `remark`, `system_code`) values('1','0',NULL,'user_status','用户状态','admin',now(),'','CD-CCSW000008');
insert into `tsys_dict` (`id`, `type`, `parent_key`, `dkey`, `dvalue`, `updater`, `update_datetime`, `remark`, `system_code`) values('2','1','user_status','0','正常','admin',now(),'','CD-CCSW000008');
insert into `tsys_dict` (`id`, `type`, `parent_key`, `dkey`, `dvalue`, `updater`, `update_datetime`, `remark`, `system_code`) values('3','1','user_status','1','程序锁定','admin',now(),'','CD-CCSW000008');
insert into `tsys_dict` (`id`, `type`, `parent_key`, `dkey`, `dvalue`, `updater`, `update_datetime`, `remark`, `system_code`) values('4','1','user_status','2','人工锁定','admin',now(),'','CD-CCSW000008');
insert into `tsys_dict` (`id`, `type`, `parent_key`, `dkey`, `dvalue`, `updater`, `update_datetime`, `remark`, `system_code`) values('5','0',NULL,'id_kind','证件类型','admin',now(),'','CD-CCSW000008');
insert into `tsys_dict` (`id`, `type`, `parent_key`, `dkey`, `dvalue`, `updater`, `update_datetime`, `remark`, `system_code`) values('6','1','id_kind','1','身份证','admin',now(),'','CD-CCSW000008');
insert into `tsys_dict` (`id`, `type`, `parent_key`, `dkey`, `dvalue`, `updater`, `update_datetime`, `remark`, `system_code`) values('7','0',NULL,'role_level','角色等级','admin',now(),'','CD-CCSW000008');
insert into `tsys_dict` (`id`, `type`, `parent_key`, `dkey`, `dvalue`, `updater`, `update_datetime`, `remark`, `system_code`) values('8','1','role_level','1','运维','admin',now(),'','CD-CCSW000008');
insert into `tsys_dict` (`id`, `type`, `parent_key`, `dkey`, `dvalue`, `updater`, `update_datetime`, `remark`, `system_code`) values('9','1','role_level','2','运营','admin',now(),'','CD-CCSW000008');
insert into `tsys_dict` (`id`, `type`, `parent_key`, `dkey`, `dvalue`, `updater`, `update_datetime`, `remark`, `system_code`) values('10','1','role_level','3','客户','admin',now(),'','CD-CCSW000008');
insert into `tsys_dict` (`id`, `type`, `parent_key`, `dkey`, `dvalue`, `updater`, `update_datetime`, `remark`, `system_code`) values('11','0',NULL,'res_type','资源类型','admin',now(),'','CD-CCSW000008');
insert into `tsys_dict` (`id`, `type`, `parent_key`, `dkey`, `dvalue`, `updater`, `update_datetime`, `remark`, `system_code`) values('12','1','res_type','1','菜单','admin',now(),'','CD-CCSW000008');
insert into `tsys_dict` (`id`, `type`, `parent_key`, `dkey`, `dvalue`, `updater`, `update_datetime`, `remark`, `system_code`) values('13','1','res_type','2','按钮','admin',now(),'','CD-CCSW000008');
insert into `tsys_dict` (`id`, `type`, `parent_key`, `dkey`, `dvalue`, `updater`, `update_datetime`, `remark`, `system_code`) values('14','0',NULL,'lock_direction','锁定方向','admin',now(),'','CD-CCSW000008');
insert into `tsys_dict` (`id`, `type`, `parent_key`, `dkey`, `dvalue`, `updater`, `update_datetime`, `remark`, `system_code`) values('15','1','lock_direction','1','用锁','admin',now(),'','CD-CCSW000008');
insert into `tsys_dict` (`id`, `type`, `parent_key`, `dkey`, `dvalue`, `updater`, `update_datetime`, `remark`, `system_code`) values('16','1','lock_direction','2','解锁','admin',now(),'','CD-CCSW000008');
insert into `tsys_dict` (`id`, `type`, `parent_key`, `dkey`, `dvalue`, `updater`, `update_datetime`, `remark`, `system_code`) values('17','0',NULL,'jour_status','流水状态','admin',now(),'','CD-CCSW000008');
insert into `tsys_dict` (`id`, `type`, `parent_key`, `dkey`, `dvalue`, `updater`, `update_datetime`, `remark`, `system_code`) values('18','1','jour_status','0','免对账','admin',now(),'','CD-CCSW000008');
insert into `tsys_dict` (`id`, `type`, `parent_key`, `dkey`, `dvalue`, `updater`, `update_datetime`, `remark`, `system_code`) values('19','1','jour_status','1','待对账','admin',now(),'','CD-CCSW000008');
insert into `tsys_dict` (`id`, `type`, `parent_key`, `dkey`, `dvalue`, `updater`, `update_datetime`, `remark`, `system_code`) values('20','1','jour_status','2','已对账待调帐','admin',now(),'','CD-CCSW000008');
insert into `tsys_dict` (`id`, `type`, `parent_key`, `dkey`, `dvalue`, `updater`, `update_datetime`, `remark`, `system_code`) values('21','1','jour_status','9','已对账且账已平','admin',now(),'','CD-CCSW000008');
insert into `tsys_dict` (`id`, `type`, `parent_key`, `dkey`, `dvalue`, `updater`, `update_datetime`, `remark`, `system_code`) values('22','0',NULL,'true_false','对错/是否锁帖','admin',now(),NULL,'CD-CCSW000008');
insert into `tsys_dict` (`id`, `type`, `parent_key`, `dkey`, `dvalue`, `updater`, `update_datetime`, `remark`, `system_code`) values('23','1','true_false','1','是','admin',now(),NULL,'CD-CCSW000008');
insert into `tsys_dict` (`id`, `type`, `parent_key`, `dkey`, `dvalue`, `updater`, `update_datetime`, `remark`, `system_code`) values('24','1','true_false','0','否','admin',now(),NULL,'CD-CCSW000008');
insert into `tsys_dict` (`id`, `type`, `parent_key`, `dkey`, `dvalue`, `updater`, `update_datetime`, `remark`, `system_code`) values('25','0',NULL,'active_status','激活状态','admin',now(),'','CD-CCSW000008');
insert into `tsys_dict` (`id`, `type`, `parent_key`, `dkey`, `dvalue`, `updater`, `update_datetime`, `remark`, `system_code`) values('26','1','active_status','0','未启用','admin',now(),'','CD-CCSW000008');
insert into `tsys_dict` (`id`, `type`, `parent_key`, `dkey`, `dvalue`, `updater`, `update_datetime`, `remark`, `system_code`) values('27','1','active_status','1','启用','admin',now(),'','CD-CCSW000008');
insert into `tsys_dict` (`id`, `type`, `parent_key`, `dkey`, `dvalue`, `updater`, `update_datetime`, `remark`, `system_code`) values('28','0',NULL,'view_type','视图类型','admin',now(),'','CD-CCSW000008');
insert into `tsys_dict` (`id`, `type`, `parent_key`, `dkey`, `dvalue`, `updater`, `update_datetime`, `remark`, `system_code`) values('29','1','view_type','1','菜单','admin',now(),'','CD-CCSW000008');
insert into `tsys_dict` (`id`, `type`, `parent_key`, `dkey`, `dvalue`, `updater`, `update_datetime`, `remark`, `system_code`) values('30','1','view_type','2','广告图','admin',now(),'','CD-CCSW000008');
insert into `tsys_dict` (`id`, `type`, `parent_key`, `dkey`, `dvalue`, `updater`, `update_datetime`, `remark`, `system_code`) values('31','1','view_type','3','模块','admin',now(),'','CD-CCSW000008');
insert into `tsys_dict` (`id`, `type`, `parent_key`, `dkey`, `dvalue`, `updater`, `update_datetime`, `remark`, `system_code`) values('32','1','view_type','4','引流','admin',now(),'','CD-CCSW000008');
insert into `tsys_dict` (`id`, `type`, `parent_key`, `dkey`, `dvalue`, `updater`, `update_datetime`, `remark`, `system_code`) values('33','1','view_type','5','启动页','admin',now(),'','CD-CCSW000008');
insert into `tsys_dict` (`id`, `type`, `parent_key`, `dkey`, `dvalue`, `updater`, `update_datetime`, `remark`, `system_code`) values('34','0',NULL,'city_location','城市优先级','admin',now(),'','CD-CCSW000008');
insert into `tsys_dict` (`id`, `type`, `parent_key`, `dkey`, `dvalue`, `updater`, `update_datetime`, `remark`, `system_code`) values('35','1','city_location','0','不启用','admin',now(),'','CD-CCSW000008');
insert into `tsys_dict` (`id`, `type`, `parent_key`, `dkey`, `dvalue`, `updater`, `update_datetime`, `remark`, `system_code`) values('36','1','city_location','1','正常','admin',now(),'','CD-CCSW000008');
insert into `tsys_dict` (`id`, `type`, `parent_key`, `dkey`, `dvalue`, `updater`, `update_datetime`, `remark`, `system_code`) values('37','1','city_location','2','推荐','admin',now(),'','CD-CCSW000008');
insert into `tsys_dict` (`id`, `type`, `parent_key`, `dkey`, `dvalue`, `updater`, `update_datetime`, `remark`, `system_code`) values('38','0',NULL,'post_location','帖子地位','admin',now(),'','CD-CCSW000008');
insert into `tsys_dict` (`id`, `type`, `parent_key`, `dkey`, `dvalue`, `updater`, `update_datetime`, `remark`, `system_code`) values('39','1','post_location','A','置顶','admin',now(),'','CD-CCSW000008');
insert into `tsys_dict` (`id`, `type`, `parent_key`, `dkey`, `dvalue`, `updater`, `update_datetime`, `remark`, `system_code`) values('40','1','post_location','B','精华','admin',now(),'','CD-CCSW000008');
insert into `tsys_dict` (`id`, `type`, `parent_key`, `dkey`, `dvalue`, `updater`, `update_datetime`, `remark`, `system_code`) values('41','1','post_location','C','头条','admin',now(),'','CD-CCSW000008');
insert into `tsys_dict` (`id`, `type`, `parent_key`, `dkey`, `dvalue`, `updater`, `update_datetime`, `remark`, `system_code`) values('42','0',NULL,'post_status','帖子状态','admin',now(),'','CD-CCSW000008');
insert into `tsys_dict` (`id`, `type`, `parent_key`, `dkey`, `dvalue`, `updater`, `update_datetime`, `remark`, `system_code`) values('43','1','post_status','A','草稿中','admin',now(),'','CD-CCSW000008');
insert into `tsys_dict` (`id`, `type`, `parent_key`, `dkey`, `dvalue`, `updater`, `update_datetime`, `remark`, `system_code`) values('44','1','post_status','B','已发布','admin',now(),'','CD-CCSW000008');
insert into `tsys_dict` (`id`, `type`, `parent_key`, `dkey`, `dvalue`, `updater`, `update_datetime`, `remark`, `system_code`) values('45','1','post_status','C1','不信任待审批','admin',now(),'','CD-CCSW000008');
insert into `tsys_dict` (`id`, `type`, `parent_key`, `dkey`, `dvalue`, `updater`, `update_datetime`, `remark`, `system_code`) values('46','1','post_status','C2','被举报待审批','admin',now(),'','CD-CCSW000008');
insert into `tsys_dict` (`id`, `type`, `parent_key`, `dkey`, `dvalue`, `updater`, `update_datetime`, `remark`, `system_code`) values('47','1','post_status','D','审批通过','admin',now(),NULL,'CD-CCSW000008');
insert into `tsys_dict` (`id`, `type`, `parent_key`, `dkey`, `dvalue`, `updater`, `update_datetime`, `remark`, `system_code`) values('48','1','post_status','E','待回收','admin',now(),NULL,'CD-CCSW000008');
insert into `tsys_dict` (`id`, `type`, `parent_key`, `dkey`, `dvalue`, `updater`, `update_datetime`, `remark`, `system_code`) values('49','1','post_status','F','被过滤','admin',now(),NULL,'CD-CCSW000008');
insert into `tsys_dict` (`id`, `type`, `parent_key`, `dkey`, `dvalue`, `updater`, `update_datetime`, `remark`, `system_code`) values('50','0',NULL,'kw_reaction','关键字反应','admin',now(),'','CD-CCSW000008');
insert into `tsys_dict` (`id`, `type`, `parent_key`, `dkey`, `dvalue`, `updater`, `update_datetime`, `remark`, `system_code`) values('51','1','kw_reaction','1','屏蔽','admin',now(),'','CD-CCSW000008');
insert into `tsys_dict` (`id`, `type`, `parent_key`, `dkey`, `dvalue`, `updater`, `update_datetime`, `remark`, `system_code`) values('52','1','kw_reaction','2','审核','admin',now(),'','CD-CCSW000008');
insert into `tsys_dict` (`id`, `type`, `parent_key`, `dkey`, `dvalue`, `updater`, `update_datetime`, `remark`, `system_code`) values('53','1','kw_reaction','3','拒绝','admin',now(),'','CD-CCSW000008');
insert into `tsys_dict` (`id`, `type`, `parent_key`, `dkey`, `dvalue`, `updater`, `update_datetime`, `remark`, `system_code`) values('54','0',NULL,'rule_kind','规则类别','admin',now(),'','CD-CCSW000008');
insert into `tsys_dict` (`id`, `type`, `parent_key`, `dkey`, `dvalue`, `updater`, `update_datetime`, `remark`, `system_code`) values('55','1','rule_kind','1','积分项','admin',now(),'','CD-CCSW000008');
insert into `tsys_dict` (`id`, `type`, `parent_key`, `dkey`, `dvalue`, `updater`, `update_datetime`, `remark`, `system_code`) values('56','1','rule_kind','2','举报数','admin',now(),'','CD-CCSW000008');
insert into `tsys_dict` (`id`, `type`, `parent_key`, `dkey`, `dvalue`, `updater`, `update_datetime`, `remark`, `system_code`) values('57','0',NULL,'rule_type','规则类型','admin',now(),'','CD-CCSW000008');
insert into `tsys_dict` (`id`, `type`, `parent_key`, `dkey`, `dvalue`, `updater`, `update_datetime`, `remark`, `system_code`) values('58','1','rule_type','A','注册送积分','admin',now(),'','CD-CCSW000008');
insert into `tsys_dict` (`id`, `type`, `parent_key`, `dkey`, `dvalue`, `updater`, `update_datetime`, `remark`, `system_code`) values('59','1','rule_type','B','每日签到送积分','admin',now(),'','CD-CCSW000008');
insert into `tsys_dict` (`id`, `type`, `parent_key`, `dkey`, `dvalue`, `updater`, `update_datetime`, `remark`, `system_code`) values('60','1','rule_type','C2','资料完善送积分','admin',now(),NULL,'CD-CCSW000008');
insert into `tsys_dict` (`id`, `type`, `parent_key`, `dkey`, `dvalue`, `updater`, `update_datetime`, `remark`, `system_code`) values('61','1','rule_type','D','发帖送积分','admin',now(),'','CD-CCSW000008');
insert into `tsys_dict` (`id`, `type`, `parent_key`, `dkey`, `dvalue`, `updater`, `update_datetime`, `remark`, `system_code`) values('62','1','rule_type','E','评论送积分','admin',now(),'','CD-CCSW000008');
insert into `tsys_dict` (`id`, `type`, `parent_key`, `dkey`, `dvalue`, `updater`, `update_datetime`, `remark`, `system_code`) values('63','1','rule_type','F','加精华、置顶、头条送积分','admin',now(),'','CD-CCSW000008');
insert into `tsys_dict` (`id`, `type`, `parent_key`, `dkey`, `dvalue`, `updater`, `update_datetime`, `remark`, `system_code`) values('64','1','rule_type','G','帖子违规','admin',now(),'','CD-CCSW000008');
insert into `tsys_dict` (`id`, `type`, `parent_key`, `dkey`, `dvalue`, `updater`, `update_datetime`, `remark`, `system_code`) values('65','0',NULL,'prod_status','产品状态','admin',now(),'','CD-CCSW000008');
insert into `tsys_dict` (`id`, `type`, `parent_key`, `dkey`, `dvalue`, `updater`, `update_datetime`, `remark`, `system_code`) values('66','1','prod_status','0','待审核','admin',now(),'','CD-CCSW000008');
insert into `tsys_dict` (`id`, `type`, `parent_key`, `dkey`, `dvalue`, `updater`, `update_datetime`, `remark`, `system_code`) values('67','1','prod_status','1','审批通过','admin',now(),'','CD-CCSW000008');
insert into `tsys_dict` (`id`, `type`, `parent_key`, `dkey`, `dvalue`, `updater`, `update_datetime`, `remark`, `system_code`) values('68','1','prod_status','91','审批不通过','admin',now(),'','CD-CCSW000008');
insert into `tsys_dict` (`id`, `type`, `parent_key`, `dkey`, `dvalue`, `updater`, `update_datetime`, `remark`, `system_code`) values('69','0',NULL,'order_status','订单状态','admin',now(),'','CD-CCSW000008');
insert into `tsys_dict` (`id`, `type`, `parent_key`, `dkey`, `dvalue`, `updater`, `update_datetime`, `remark`, `system_code`) values('70','1','order_status','2','已支付待发货','admin',now(),'','CD-CCSW000008');
insert into `tsys_dict` (`id`, `type`, `parent_key`, `dkey`, `dvalue`, `updater`, `update_datetime`, `remark`, `system_code`) values('71','1','order_status','4','已收货','admin',now(),'','CD-CCSW000008');
insert into `tsys_dict` (`id`, `type`, `parent_key`, `dkey`, `dvalue`, `updater`, `update_datetime`, `remark`, `system_code`) values('72','1','order_status','92','已作废','admin',now(),'','CD-CCSW000008');
insert into `tsys_dict` (`id`, `type`, `parent_key`, `dkey`, `dvalue`, `updater`, `update_datetime`, `remark`, `system_code`) values('73','0',NULL,'msg_type','消息类型','admin',now(),'','CD-CCSW000008');
insert into `tsys_dict` (`id`, `type`, `parent_key`, `dkey`, `dvalue`, `updater`, `update_datetime`, `remark`, `system_code`) values('74','1','msg_type','1','公告','admin',now(),'','CD-CCSW000008');
insert into `tsys_dict` (`id`, `type`, `parent_key`, `dkey`, `dvalue`, `updater`, `update_datetime`, `remark`, `system_code`) values('75','1','msg_type','2','新闻','admin',now(),'','CD-CCSW000008');
insert into `tsys_dict` (`id`, `type`, `parent_key`, `dkey`, `dvalue`, `updater`, `update_datetime`, `remark`, `system_code`) values('76','1','msg_type','3','APP推送','admin',now(),'','CD-CCSW000008');
insert into `tsys_dict` (`id`, `type`, `parent_key`, `dkey`, `dvalue`, `updater`, `update_datetime`, `remark`, `system_code`) values('77','0',NULL,'msg_status','消息状态','admin',now(),'','CD-CCSW000008');
insert into `tsys_dict` (`id`, `type`, `parent_key`, `dkey`, `dvalue`, `updater`, `update_datetime`, `remark`, `system_code`) values('78','1','msg_status','0','未发布','admin',now(),'','CD-CCSW000008');
insert into `tsys_dict` (`id`, `type`, `parent_key`, `dkey`, `dvalue`, `updater`, `update_datetime`, `remark`, `system_code`) values('79','1','msg_status','1','已发布','admin',now(),'','CD-CCSW000008');
insert into `tsys_dict` (`id`, `type`, `parent_key`, `dkey`, `dvalue`, `updater`, `update_datetime`, `remark`, `system_code`) values('80','0',NULL,'comment_status','评论类型','admin',now(),'','CD-CCSW000008');
insert into `tsys_dict` (`id`, `type`, `parent_key`, `dkey`, `dvalue`, `updater`, `update_datetime`, `remark`, `system_code`) values('81','1','comment_status','A','草稿中','admin',now(),'','CD-CCSW000008');
insert into `tsys_dict` (`id`, `type`, `parent_key`, `dkey`, `dvalue`, `updater`, `update_datetime`, `remark`, `system_code`) values('82','1','comment_status','B','已发布','admin',now(),'','CD-CCSW000008');
insert into `tsys_dict` (`id`, `type`, `parent_key`, `dkey`, `dvalue`, `updater`, `update_datetime`, `remark`, `system_code`) values('83','1','comment_status','C2','被举报待审批','admin',now(),'','CD-CCSW000008');
insert into `tsys_dict` (`id`, `type`, `parent_key`, `dkey`, `dvalue`, `updater`, `update_datetime`, `remark`, `system_code`) values('84','1','comment_status','D','审批通过','admin',now(),'','CD-CCSW000008');
insert into `tsys_dict` (`id`, `type`, `parent_key`, `dkey`, `dvalue`, `updater`, `update_datetime`, `remark`, `system_code`) values('85','1','comment_status','E','待回收','admin',now(),'','CD-CCSW000008');
insert into `tsys_dict` (`id`, `type`, `parent_key`, `dkey`, `dvalue`, `updater`, `update_datetime`, `remark`, `system_code`) values('86','1','comment_status','F','被过滤','admin',now(),'','CD-CCSW000008');
insert into `tsys_dict` (`id`, `type`, `parent_key`, `dkey`, `dvalue`, `updater`, `update_datetime`, `remark`, `system_code`) values('87','0','','aban_status','大板块状态','admin',now(),'','CD-CCSW000008');
insert into `tsys_dict` (`id`, `type`, `parent_key`, `dkey`, `dvalue`, `updater`, `update_datetime`, `remark`, `system_code`) values('88','1','aban_status','0','待上架','admin',now(),'','CD-CCSW000008');
insert into `tsys_dict` (`id`, `type`, `parent_key`, `dkey`, `dvalue`, `updater`, `update_datetime`, `remark`, `system_code`) values('89','1','aban_status','1','已上架','admin',now(),'','CD-CCSW000008');
insert into `tsys_dict` (`id`, `type`, `parent_key`, `dkey`, `dvalue`, `updater`, `update_datetime`, `remark`, `system_code`) values('90','0','','effect_level','规则作用等级','admin',now(),'','CD-CCSW000008');
insert into `tsys_dict` (`id`, `type`, `parent_key`, `dkey`, `dvalue`, `updater`, `update_datetime`, `remark`, `system_code`) values('91','1','effect_level','0','ALL','admin',now(),'','CD-CCSW000008');
insert into `tsys_dict` (`id`, `type`, `parent_key`, `dkey`, `dvalue`, `updater`, `update_datetime`, `remark`, `system_code`) values('92','1','effect_level','1','一级','admin',now(),'','CD-CCSW000008');
insert into `tsys_dict` (`id`, `type`, `parent_key`, `dkey`, `dvalue`, `updater`, `update_datetime`, `remark`, `system_code`) values('93','1','effect_level','2','二级','admin',now(),'','CD-CCSW000008');
insert into `tsys_dict` (`id`, `type`, `parent_key`, `dkey`, `dvalue`, `updater`, `update_datetime`, `remark`, `system_code`) values('94','1','effect_level','3','三级','admin',now(),'','CD-CCSW000008');
insert into `tsys_dict` (`id`, `type`, `parent_key`, `dkey`, `dvalue`, `updater`, `update_datetime`, `remark`, `system_code`) values('95','1','prod_status','3','已上架','admin',now(),'','CD-CCSW000008');
insert into `tsys_dict` (`id`, `type`, `parent_key`, `dkey`, `dvalue`, `updater`, `update_datetime`, `remark`, `system_code`) values('96','1','prod_status','4','已下架','admin',now(),'','CD-CCSW000008');
insert into `tsys_dict` (`id`, `type`, `parent_key`, `dkey`, `dvalue`, `updater`, `update_datetime`, `remark`, `system_code`) values('97','1','post_status','CC','查询不信任和被举报待审核','admin',now(),'','CD-CCSW000008');
insert into `tsys_dict` (`id`, `type`, `parent_key`, `dkey`, `dvalue`, `updater`, `update_datetime`, `remark`, `system_code`) values('98','1','post_status','BD','查询已发布和审核通过','admin',now(),'','CD-CCSW000008');
insert into `tsys_dict` (`id`, `type`, `parent_key`, `dkey`, `dvalue`, `updater`, `update_datetime`, `remark`, `system_code`) values('99','1','post_location','D','普通','admin',now(),'','CD-CCSW000008');
insert into `tsys_dict` (`id`, `type`, `parent_key`, `dkey`, `dvalue`, `updater`, `update_datetime`, `remark`, `system_code`) values('100','1','msg_status','2','已下架','admin',now(),'','CD-CCSW000008');
insert into `tsys_dict` (`id`, `type`, `parent_key`, `dkey`, `dvalue`, `updater`, `update_datetime`, `remark`, `system_code`) values('101','0','','select_level','作用等级','admin',now(),'','CD-CCSW000008');
insert into `tsys_dict` (`id`, `type`, `parent_key`, `dkey`, `dvalue`, `updater`, `update_datetime`, `remark`, `system_code`) values('102','1','select_level','0','元老','admin',now(),'','CD-CCSW000008');
insert into `tsys_dict` (`id`, `type`, `parent_key`, `dkey`, `dvalue`, `updater`, `update_datetime`, `remark`, `system_code`) values('103','1','select_level','1','新手','admin',now(),'','CD-CCSW000008');
insert into `tsys_dict` (`id`, `type`, `parent_key`, `dkey`, `dvalue`, `updater`, `update_datetime`, `remark`, `system_code`) values('104','0','','goods_location','商品','admin',now(),'','CD-CCSW000008');
insert into `tsys_dict` (`id`, `type`, `parent_key`, `dkey`, `dvalue`, `updater`, `update_datetime`, `remark`, `system_code`) values('105','1','goods_location','1','普通','admin',now(),'','CD-CCSW000008');
insert into `tsys_dict` (`id`, `type`, `parent_key`, `dkey`, `dvalue`, `updater`, `update_datetime`, `remark`, `system_code`) values('106','1','goods_location','2','热门','admin',now(),'','CD-CCSW000008');
insert into `tsys_dict` (`id`, `type`, `parent_key`, `dkey`, `dvalue`, `updater`, `update_datetime`, `remark`, `system_code`) values('107','0',NULL,'move_status','视频状态','admin',now(),'','CD-CCSW000008');
insert into `tsys_dict` (`id`, `type`, `parent_key`, `dkey`, `dvalue`, `updater`, `update_datetime`, `remark`, `system_code`) values('108','1','move_status','1','未上架','admin',now(),'','CD-CCSW000008');
insert into `tsys_dict` (`id`, `type`, `parent_key`, `dkey`, `dvalue`, `updater`, `update_datetime`, `remark`, `system_code`) values('109','1','move_status','2','已上架','admin',now(),'','CD-CCSW000008');
insert into `tsys_dict` (`id`, `type`, `parent_key`, `dkey`, `dvalue`, `updater`, `update_datetime`, `remark`, `system_code`) values('110','1','move_status','3','已下架','admin',now(),'','CD-CCSW000008');
insert into `tsys_dict` (`id`, `type`, `parent_key`, `dkey`, `dvalue`, `updater`, `update_datetime`, `remark`, `system_code`) values('111','0','','goods_status','商品类别状态','admin',now(),'','CD-CCSW000008');
insert into `tsys_dict` (`id`, `type`, `parent_key`, `dkey`, `dvalue`, `updater`, `update_datetime`, `remark`, `system_code`) values('112','1','goods_status','0','未上架','admin',now(),'','CD-CCSW000008');
insert into `tsys_dict` (`id`, `type`, `parent_key`, `dkey`, `dvalue`, `updater`, `update_datetime`, `remark`, `system_code`) values('113','1','goods_status','1','已上架','admin',now(),'','CD-CCSW000008');
insert into `tsys_dict` (`id`, `type`, `parent_key`, `dkey`, `dvalue`, `updater`, `update_datetime`, `remark`, `system_code`) values('114','1','goods_status','2','已下架','admin',now(),'','CD-CCSW000008');
insert into `tsys_dict` (`id`, `type`, `parent_key`, `dkey`, `dvalue`, `updater`, `update_datetime`, `remark`, `system_code`) values('115','0','','toKind','针对分组','admin',now(),'','CD-CCSW000008');
insert into `tsys_dict` (`id`, `type`, `parent_key`, `dkey`, `dvalue`, `updater`, `update_datetime`, `remark`, `system_code`) values('116','1','toKind','2','B端用户','admin',now(),'','CD-CCSW000008');
insert into `tsys_dict` (`id`, `type`, `parent_key`, `dkey`, `dvalue`, `updater`, `update_datetime`, `remark`, `system_code`) values('117','1','toKind','3','平台','admin',now(),'','CD-CCSW000008');
insert into `tsys_dict` (`id`, `type`, `parent_key`, `dkey`, `dvalue`, `updater`, `update_datetime`, `remark`, `system_code`) values('118','1','toKind','1','C端用户','admin',now(),'','CD-CCSW000008');
insert into `tsys_dict` (`id`, `type`, `parent_key`, `dkey`, `dvalue`, `updater`, `update_datetime`, `remark`, `system_code`) values('119','1','rule_type','C1','上传头像','admin',now(),NULL,'CD-CCSW000008');
insert into `tsys_dict` (`id`, `type`, `parent_key`, `dkey`, `dvalue`, `updater`, `update_datetime`, `remark`, `system_code`) values('120','1','rule_type','H','评论违规','admin',now(),NULL,'CD-CCSW000008');




insert into `tsys_config` (`id`, `ckey`, `cvalue`, `note`, `updater`, `update_datetime`, `remark`, `system_code`) values('1','cswDescription','城市网介绍','<p>关于城市网</p><p>城市网是一款城市生活服务产品，具有民生、情感、美食、亲子、活动、情感生活话题，是本地老百姓交流生活资讯、消费娱乐、民生信息的平台。其中，城市小蜜为三四五线城市居民提供更为便捷快捷的生活信息服务。</p>','admin','2017-04-06 17:04:02',NULL,'CD-CCSW000008');
insert into `tsys_config` (`id`, `ckey`, `cvalue`, `note`, `updater`, `update_datetime`, `remark`, `system_code`) values('2','cswReward','如何赚取赏金','<p>1.多发帖，多睡觉。</p><p>2.少吃零食，多运动</p>','admin','2017-04-07 21:04:28','','CD-CCSW000008');



insert into `tstd_cpassword` (`code`, `type`, `account`, `password`, `remark`, `company_code`, `system_code`) values('CSW_001','1','org_name','tianleios',NULL,'CD-CCSW000008','CD-CCSW000008');
insert into `tstd_cpassword` (`code`, `type`, `account`, `password`, `remark`, `company_code`, `system_code`) values('CSW_002','1','app_name','cd-test',NULL,'CD-CCSW000008','CD-CCSW000008');
insert into `tstd_cpassword` (`code`, `type`, `account`, `password`, `remark`, `company_code`, `system_code`) values('scw001','2','ACCESS_KEY','Dc0pMP8ImFm78-uk4iGsOPpB2-vHc64D07OsOQVi','','CD-CCSW000008','CD-CCSW000008');
insert into `tstd_cpassword` (`code`, `type`, `account`, `password`, `remark`, `company_code`, `system_code`) values('scw002','2','SECRET_KEY','3NP-tpZP9-5fH-R-FhvKTfYpPPVFNvjFF3JXmrcq','','CD-CCSW000008','CD-CCSW000008');
insert into `tstd_cpassword` (`code`, `type`, `account`, `password`, `remark`, `company_code`, `system_code`) values('scw003','2','bucket','b2coss','','CD-CCSW000008','CD-CCSW000008');
insert into `tstd_cpassword` (`code`, `type`, `account`, `password`, `remark`, `company_code`, `system_code`) values('scw004','3','ACCESS_KEY','wx29de1b2fbe5e14b8','','CD-CCSW000008','CD-CCSW000008');
insert into `tstd_cpassword` (`code`, `type`, `account`, `password`, `remark`, `company_code`, `system_code`) values('scw005','3','SECRET_KEY','548df5b24c18b3cea3bb53ad148b1e1f','','CD-CCSW000008','CD-CCSW000008');




insert into `tsys_role` (`code`, `name`, `level`, `updater`, `update_datetime`, `remark`, `system_code`) values('CSWSR201600000000000000','超级管理员','1','admin',now(),'系统管理员','CD-CCSW000008');
insert into `tsys_role` (`code`, `name`, `level`, `updater`, `update_datetime`, `remark`, `system_code`) values('CSWSR201600000000000001','老板','2','admin',now(),'平台运营方boss','CD-CCSW000008');
insert into `tsys_role` (`code`, `name`, `level`, `updater`, `update_datetime`, `remark`, `system_code`) values('CSWSR201600000000000002','普通企业用户','3','admin',now(),'系统B端用户','CD-CCSW000008');
insert into `tsys_role` (`code`, `name`, `level`, `updater`, `update_datetime`, `remark`, `system_code`) values('SR2017032111310139261','运维2','1','admin',now(),'44','CD-CCSW000008');



